name,energy,flux
SS01,29.535000000000004,8.571428571428571e-07
SS01,29.601,1.1428571428571428e-06
SS01,29.667,1.1428571428571428e-06
SS01,29.733000000000004,7.714285714285714e-06
SS01,29.799,1.9142857142857143e-05
SS01,29.865000000000002,4.3714285714285715e-05
SS01,29.931,9.028571428571428e-05
SS01,29.997,0.000152
SS01,30.063000000000002,0.00026771428571428573
SS01,30.129,0.0004997142857142857
SS01,30.195,0.0007917142857142857
SS01,30.261000000000003,0.0013068571428571428
SS01,30.327,0.0019862857142857143
SS01,30.393,0.0030257142857142857
SS01,30.459000000000003,0.0042322857142857145
SS01,30.525,0.005819714285714286
SS01,30.591,0.00777
SS01,30.657000000000004,0.009745142857142857
SS01,30.723,0.012153714285714285
SS01,30.789,0.014318285714285714
SS01,30.855000000000004,0.016949142857142857
SS01,30.921,0.018894571428571427
SS01,30.987000000000002,0.020964285714285713
SS01,31.053000000000004,0.022481428571428572
SS01,31.119,0.023704285714285716
SS01,31.185000000000002,0.024845714285714287
SS01,31.251,0.025694
SS01,31.317,0.026130857142857143
SS01,31.383000000000003,0.02642742857142857
SS01,31.449,0.02677257142857143
SS01,31.515,0.026844857142857143
SS01,31.581000000000003,0.026961714285714287
SS01,31.647,0.027201142857142858
SS01,31.713,0.027060285714285714
SS01,31.779000000000003,0.027376857142857144
SS01,31.845,0.02711457142857143
SS01,31.911,0.027363142857142857
SS01,31.977,0.027379428571428572
SS01,32.043,0.02735057142857143
SS01,32.109,0.02760685714285714
SS01,32.175,0.027275714285714285
SS01,32.241,0.027706
SS01,32.307,0.02743
SS01,32.373000000000005,0.027633714285714286
SS01,32.439,0.02751057142857143
SS01,32.505,0.027339142857142857
SS01,32.571,0.027342571428571428
SS01,32.637,0.026919714285714286
SS01,32.703,0.02643085714285714
SS01,32.769000000000005,0.025671714285714287
SS01,32.835,0.024548285714285713
SS01,32.901,0.023155142857142857
SS01,32.967,0.021416
SS01,33.033,0.01909
SS01,33.099000000000004,0.016810571428571428
SS01,33.165000000000006,0.014230857142857142
SS01,33.231,0.011631714285714285
SS01,33.297,0.009196571428571429
SS01,33.363,0.006855428571428571
SS01,33.429,0.005071428571428571
SS01,33.495000000000005,0.003536
SS01,33.561,0.00237
SS01,33.627,0.0014391428571428572
SS01,33.693,0.0008814285714285714
SS01,33.759,0.0005308571428571428
SS01,33.825,0.0003102857142857143
SS01,33.891000000000005,0.00016714285714285713
SS01,33.957,7.828571428571429e-05
SS01,34.023,3.971428571428571e-05
SS01,34.089,1.3714285714285714e-05
SS01,34.155,6.285714285714286e-06
SS01,34.221000000000004,2.8571428571428573e-06
SS01,34.287000000000006,1.1428571428571428e-06
SS01,34.353,0.0
Ni01,29.007,6.666666666666667e-07
Ni01,29.073,2.666666666666667e-06
Ni01,29.139000000000003,4e-06
Ni01,29.205000000000002,3.3333333333333333e-06
Ni01,29.271,3.266666666666666e-05
Ni01,29.337000000000003,6.466666666666666e-05
Ni01,29.403,0.000142
Ni01,29.469,0.00024133333333333334
Ni01,29.535000000000004,0.000468
Ni01,29.601,0.000846
Ni01,29.667,0.0015013333333333333
Ni01,29.733000000000004,0.0023806666666666668
Ni01,29.799,0.003782
Ni01,29.865000000000002,0.005993333333333333
Ni01,29.931,0.008708666666666667
Ni01,29.997,0.012576666666666667
Ni01,30.063000000000002,0.017186
Ni01,30.129,0.023092
Ni01,30.195,0.029034
Ni01,30.261000000000003,0.03666133333333333
Ni01,30.327,0.04337133333333333
Ni01,30.393,0.051232
Ni01,30.459000000000003,0.05737266666666667
Ni01,30.525,0.062702
Ni01,30.591,0.06733
Ni01,30.657000000000004,0.06889733333333334
Ni01,30.723,0.06929533333333333
Ni01,30.789,0.06766266666666666
Ni01,30.855000000000004,0.064184
Ni01,30.921,0.058864
Ni01,30.987000000000002,0.052567333333333334
Ni01,31.053000000000004,0.04561933333333333
Ni01,31.119,0.037746
Ni01,31.185000000000002,0.030606
Ni01,31.251,0.02413
Ni01,31.317,0.017882
Ni01,31.383000000000003,0.013114
Ni01,31.449,0.009048666666666667
Ni01,31.515,0.006166
Ni01,31.581000000000003,0.0038846666666666665
Ni01,31.647,0.0023713333333333334
Ni01,31.713,0.0014406666666666667
Ni01,31.779000000000003,0.000862
Ni01,31.845,0.00048666666666666666
Ni01,31.911,0.00022133333333333334
Ni01,31.977,0.000136
Ni01,32.043,5.2e-05
Ni01,32.109,1.6666666666666667e-05
Ni01,32.175,1.2e-05
Ni01,32.241,3.3333333333333333e-06
Ni01,32.307,6.666666666666667e-07
Ir01,28.215000000000003,1.3333333333333334e-06
Ir01,28.281,2e-06
Ir01,28.347,4e-06
Ir01,28.413000000000004,5.333333333333334e-06
Ir01,28.479,3.2e-05
Ir01,28.545,6.8e-05
Ir01,28.611000000000004,0.00014266666666666667
Ir01,28.677,0.00023333333333333333
Ir01,28.743000000000002,0.000424
Ir01,28.809,0.0007506666666666666
Ir01,28.875,0.0013273333333333334
Ir01,28.941000000000003,0.002050666666666667
Ir01,29.007,0.003255333333333333
Ir01,29.073,0.004954666666666666
Ir01,29.139000000000003,0.007052
Ir01,29.205000000000002,0.009990666666666667
Ir01,29.271,0.013569333333333333
Ir01,29.337000000000003,0.017514
Ir01,29.403,0.021811333333333332
Ir01,29.469,0.026802
Ir01,29.535000000000004,0.03132666666666667
Ir01,29.601,0.036534
Ir01,29.667,0.040646666666666664
Ir01,29.733000000000004,0.044617333333333335
Ir01,29.799,0.047607333333333335
Ir01,29.865000000000002,0.050215333333333334
Ir01,29.931,0.051676
Ir01,29.997,0.053364666666666664
Ir01,30.063000000000002,0.05374
Ir01,30.129,0.05361933333333333
Ir01,30.195,0.05253066666666667
Ir01,30.261000000000003,0.05121066666666667
Ir01,30.327,0.04859733333333333
Ir01,30.393,0.046146
Ir01,30.459000000000003,0.042167333333333334
Ir01,30.525,0.037958
Ir01,30.591,0.03338
Ir01,30.657000000000004,0.028117333333333334
Ir01,30.723,0.023084666666666667
Ir01,30.789,0.018410666666666665
Ir01,30.855000000000004,0.013948
Ir01,30.921,0.010482666666666666
Ir01,30.987000000000002,0.007431333333333333
Ir01,31.053000000000004,0.005094666666666667
Ir01,31.119,0.0032213333333333334
Ir01,31.185000000000002,0.0020173333333333332
Ir01,31.251,0.0012453333333333333
Ir01,31.317,0.0007566666666666667
Ir01,31.383000000000003,0.00045466666666666664
Ir01,31.449,0.00020066666666666667
Ir01,31.515,0.000124
Ir01,31.581000000000003,5e-05
Ir01,31.647,1.6666666666666667e-05
Ir01,31.713,1.1333333333333334e-05
Ir01,31.779000000000003,3.3333333333333333e-06
Ir01,31.845,6.666666666666667e-07
Ir01,31.911,0.0
Cu01,27.753,1.3333333333333334e-06
Cu01,27.819000000000003,2e-06
Cu01,27.885,4e-06
Cu01,27.951,8.666666666666666e-06
Cu01,28.017000000000003,3.3333333333333335e-05
Cu01,28.083,7.666666666666667e-05
Cu01,28.149,0.000144
Cu01,28.215000000000003,0.00026733333333333334
Cu01,28.281,0.000464
Cu01,28.347,0.0008593333333333334
Cu01,28.413000000000004,0.0015
Cu01,28.479,0.0023046666666666667
Cu01,28.545,0.0037333333333333333
Cu01,28.611000000000004,0.005772666666666666
Cu01,28.677,0.008364
Cu01,28.743000000000002,0.011883333333333333
Cu01,28.809,0.016397333333333333
Cu01,28.875,0.022088
Cu01,28.941000000000003,0.027806666666666667
Cu01,29.007,0.035146
Cu01,29.073,0.041806666666666666
Cu01,29.139000000000003,0.04951666666666667
Cu01,29.205000000000002,0.055779333333333334
Cu01,29.271,0.061632
Cu01,29.337000000000003,0.06585333333333333
Cu01,29.403,0.06812333333333333
Cu01,29.469,0.06931066666666667
Cu01,29.535000000000004,0.06746666666666666
Cu01,29.601,0.06500133333333333
Cu01,29.667,0.059436666666666665
Cu01,29.733000000000004,0.053726
Cu01,29.799,0.04679733333333334
Cu01,29.865000000000002,0.03925466666666667
Cu01,29.931,0.03209
Cu01,29.997,0.025358666666666668
Cu01,30.063000000000002,0.01941266666666667
Cu01,30.129,0.014166
Cu01,30.195,0.010008
Cu01,30.261000000000003,0.006906666666666667
Cu01,30.327,0.004604
Cu01,30.393,0.0028493333333333335
Cu01,30.459000000000003,0.001726
Cu01,30.525,0.0010913333333333333
Cu01,30.591,0.0006
Cu01,30.657000000000004,0.00031
Cu01,30.723,0.000176
Cu01,30.789,8.266666666666667e-05
Cu01,30.855000000000004,3.2e-05
Cu01,30.921,1.3333333333333333e-05
Cu01,30.987000000000002,8.666666666666666e-06
Cu01,31.053000000000004,2.666666666666667e-06
Cu01,31.119,0.0
Fe01,27.291000000000004,1.3333333333333334e-06
Fe01,27.357,2e-06
Fe01,27.423000000000002,4e-06
Fe01,27.489000000000004,4.666666666666666e-06
Fe01,27.555,3.2e-05
Fe01,27.621000000000002,5.6666666666666664e-05
Fe01,27.687,0.000132
Fe01,27.753,0.00023466666666666666
Fe01,27.819000000000003,0.0004153333333333333
Fe01,27.885,0.000728
Fe01,27.951,0.0013613333333333333
Fe01,28.017000000000003,0.0020226666666666665
Fe01,28.083,0.0033566666666666667
Fe01,28.149,0.005112
Fe01,28.215000000000003,0.007719333333333333
Fe01,28.281,0.010773333333333333
Fe01,28.347,0.015160666666666666
Fe01,28.413000000000004,0.020358666666666667
Fe01,28.479,0.0262
Fe01,28.545,0.033113333333333335
Fe01,28.611000000000004,0.04004933333333333
Fe01,28.677,0.047546
Fe01,28.743000000000002,0.054135333333333334
Fe01,28.809,0.060418
Fe01,28.875,0.06491666666666666
Fe01,28.941000000000003,0.06830866666666667
Fe01,29.007,0.06922066666666667
Fe01,29.073,0.068434
Fe01,29.139000000000003,0.065958
Fe01,29.205000000000002,0.06100933333333333
Fe01,29.271,0.055334666666666664
Fe01,29.337000000000003,0.04863866666666666
Fe01,29.403,0.041102
Fe01,29.469,0.033773333333333336
Fe01,29.535000000000004,0.026776
Fe01,29.601,0.020710666666666665
Fe01,29.667,0.015318
Fe01,29.733000000000004,0.010964666666666666
Fe01,29.799,0.007548666666666667
Fe01,29.865000000000002,0.005129333333333333
Fe01,29.931,0.0032146666666666665
Fe01,29.997,0.0019686666666666667
Fe01,30.063000000000002,0.001228
Fe01,30.129,0.0007253333333333334
Fe01,30.195,0.0004
Fe01,30.261000000000003,0.000192
Fe01,30.327,0.00011933333333333334
Fe01,30.393,3.866666666666667e-05
Fe01,30.459000000000003,1.6e-05
Fe01,30.525,1.2e-05
Fe01,30.591,3.3333333333333333e-06
Fe01,30.657000000000004,6.666666666666667e-07
Fe01,30.723,0.0
Ni02,26.763,1.3333333333333334e-06
Ni02,26.829,2e-06
Ni02,26.895000000000003,4e-06
Ni02,26.961,4.666666666666666e-06
Ni02,27.027,3.066666666666667e-05
Ni02,27.093000000000004,5.333333333333333e-05
Ni02,27.159,0.00012533333333333334
Ni02,27.225,0.000204
Ni02,27.291000000000004,0.00038733333333333333
Ni02,27.357,0.0006506666666666667
Ni02,27.423000000000002,0.001206
Ni02,27.489000000000004,0.0018166666666666667
Ni02,27.555,0.0029553333333333332
Ni02,27.621000000000002,0.004347333333333333
Ni02,27.687,0.006836666666666666
Ni02,27.753,0.009327333333333333
Ni02,27.819000000000003,0.013378
Ni02,27.885,0.017304
Ni02,27.951,0.023148
Ni02,28.017000000000003,0.02842333333333333
Ni02,28.083,0.03514266666666667
Ni02,28.149,0.04118666666666667
Ni02,28.215000000000003,0.048178
Ni02,28.281,0.05353666666666667
Ni02,28.347,0.058909333333333334
Ni02,28.413000000000004,0.062318
Ni02,28.479,0.064794
Ni02,28.545,0.06575466666666667
Ni02,28.611000000000004,0.064452
Ni02,28.677,0.062364
Ni02,28.743000000000002,0.05797666666666667
Ni02,28.809,0.052882
Ni02,28.875,0.04715866666666667
Ni02,28.941000000000003,0.04048533333333333
Ni02,29.007,0.03358933333333333
Ni02,29.073,0.027379333333333332
Ni02,29.139000000000003,0.021559333333333333
Ni02,29.205000000000002,0.016153333333333332
Ni02,29.271,0.011978666666666667
Ni02,29.337000000000003,0.008504666666666667
Ni02,29.403,0.005873333333333334
Ni02,29.469,0.003740666666666667
Ni02,29.535000000000004,0.002390666666666667
Ni02,29.601,0.0014953333333333333
Ni02,29.667,0.0009353333333333334
Ni02,29.733000000000004,0.0005093333333333333
Ni02,29.799,0.00026933333333333334
Ni02,29.865000000000002,0.00015533333333333333
Ni02,29.931,7e-05
Ni02,29.997,2.6666666666666667e-05
Ni02,30.063000000000002,1.4666666666666666e-05
Ni02,30.129,6.666666666666667e-06
Ni02,30.195,2.666666666666667e-06
Ni02,30.261000000000003,0.0
Ir02,25.905,6.666666666666667e-07
Ir02,25.971000000000004,1.3333333333333334e-06
Ir02,26.037,4e-06
Ir02,26.103,2.666666666666667e-06
Ir02,26.169000000000004,1.9333333333333333e-05
Ir02,26.235,4.066666666666667e-05
Ir02,26.301000000000002,9.266666666666666e-05
Ir02,26.367,0.00018266666666666667
Ir02,26.433,0.00026333333333333336
Ir02,26.499000000000002,0.000482
Ir02,26.565,0.0008406666666666666
Ir02,26.631,0.001354
Ir02,26.697000000000003,0.0020913333333333335
Ir02,26.763,0.0031693333333333335
Ir02,26.829,0.004784
Ir02,26.895000000000003,0.006636
Ir02,26.961,0.009126666666666667
Ir02,27.027,0.012331333333333333
Ir02,27.093000000000004,0.015805333333333334
Ir02,27.159,0.019824666666666668
Ir02,27.225,0.024015333333333333
Ir02,27.291000000000004,0.028362
Ir02,27.357,0.032704
Ir02,27.423000000000002,0.036965333333333336
Ir02,27.489000000000004,0.040458
Ir02,27.555,0.043970666666666665
Ir02,27.621000000000002,0.04651
Ir02,27.687,0.048452
Ir02,27.753,0.049632666666666665
Ir02,27.819000000000003,0.051125333333333335
Ir02,27.885,0.05110666666666667
Ir02,27.951,0.051034666666666666
Ir02,28.017000000000003,0.050098666666666666
Ir02,28.083,0.048556
Ir02,28.149,0.046275333333333335
Ir02,28.215000000000003,0.04386333333333333
Ir02,28.281,0.04037466666666667
Ir02,28.347,0.036720666666666665
Ir02,28.413000000000004,0.032288
Ir02,28.479,0.027749333333333334
Ir02,28.545,0.023226666666666666
Ir02,28.611000000000004,0.018786666666666667
Ir02,28.677,0.014734666666666667
Ir02,28.743000000000002,0.011222
Ir02,28.809,0.008238
Ir02,28.875,0.005899333333333334
Ir02,28.941000000000003,0.0039826666666666665
Ir02,29.007,0.002586
Ir02,29.073,0.0016053333333333334
Ir02,29.139000000000003,0.001036
Ir02,29.205000000000002,0.0006333333333333333
Ir02,29.271,0.00037
Ir02,29.337000000000003,0.000178
Ir02,29.403,0.00010933333333333334
Ir02,29.469,4.4e-05
Ir02,29.535000000000004,1.5333333333333334e-05
Ir02,29.601,1.2666666666666667e-05
Ir02,29.667,3.3333333333333333e-06
Ir02,29.733000000000004,6.666666666666667e-07
Ir02,29.799,0.0
Cu02,25.443,2e-06
Cu02,25.509,1.3333333333333334e-06
Cu02,25.575000000000003,4e-06
Cu02,25.641,8.666666666666666e-06
Cu02,25.707,3.3333333333333335e-05
Cu02,25.773000000000003,7.4e-05
Cu02,25.839,0.00012666666666666666
Cu02,25.905,0.00022133333333333334
Cu02,25.971000000000004,0.0003986666666666667
Cu02,26.037,0.0006786666666666667
Cu02,26.103,0.0012013333333333333
Cu02,26.169000000000004,0.001804
Cu02,26.235,0.002876
Cu02,26.301000000000002,0.004239333333333334
Cu02,26.367,0.006608
Cu02,26.433,0.008912666666666666
Cu02,26.499000000000002,0.01267
Cu02,26.565,0.016816
Cu02,26.631,0.02201
Cu02,26.697000000000003,0.027202
Cu02,26.763,0.033616
Cu02,26.829,0.03978266666666667
Cu02,26.895000000000003,0.04672
Cu02,26.961,0.052179333333333335
Cu02,27.027,0.05744666666666667
Cu02,27.093000000000004,0.06141733333333333
Cu02,27.159,0.06433733333333333
Cu02,27.225,0.065276
Cu02,27.291000000000004,0.064626
Cu02,27.357,0.06257
Cu02,27.423000000000002,0.058568
Cu02,27.489000000000004,0.05389666666666667
Cu02,27.555,0.047947333333333335
Cu02,27.621000000000002,0.041888666666666664
Cu02,27.687,0.034778
Cu02,27.753,0.028453333333333334
Cu02,27.819000000000003,0.022864666666666665
Cu02,27.885,0.017318
Cu02,27.951,0.012973333333333333
Cu02,28.017000000000003,0.009312666666666667
Cu02,28.083,0.006516
Cu02,28.149,0.004474666666666667
Cu02,28.215000000000003,0.0028326666666666665
Cu02,28.281,0.00173
Cu02,28.347,0.0011353333333333332
Cu02,28.413000000000004,0.000674
Cu02,28.479,0.00038733333333333333
Cu02,28.545,0.00019
Cu02,28.611000000000004,0.00011533333333333334
Cu02,28.677,5.133333333333333e-05
Cu02,28.743000000000002,1.3333333333333333e-05
Cu02,28.809,1.4666666666666666e-05
Cu02,28.875,2e-06
Cu02,28.941000000000003,2.666666666666667e-06
Cu02,29.007,0.0
Fe02,24.915,6.666666666666667e-07
Fe02,24.981,1.3333333333333334e-06
Fe02,25.047000000000004,2.666666666666667e-06
Fe02,25.113,4e-06
Fe02,25.179000000000002,1.5333333333333334e-05
Fe02,25.245,4.2e-05
Fe02,25.311,8.533333333333334e-05
Fe02,25.377000000000002,0.00014133333333333334
Fe02,25.443,0.000258
Fe02,25.509,0.0004566666666666667
Fe02,25.575000000000003,0.000736
Fe02,25.641,0.0013426666666666667
Fe02,25.707,0.0019513333333333333
Fe02,25.773000000000003,0.0031493333333333334
Fe02,25.839,0.004587333333333333
Fe02,25.905,0.00694
Fe02,25.971000000000004,0.009392
Fe02,26.037,0.013267333333333334
Fe02,26.103,0.017511333333333334
Fe02,26.169000000000004,0.02269
Fe02,26.235,0.02806466666666667
Fe02,26.301000000000002,0.03442666666666667
Fe02,26.367,0.04085133333333334
Fe02,26.433,0.047404666666666664
Fe02,26.499000000000002,0.05327
Fe02,26.565,0.05827466666666667
Fe02,26.631,0.062098
Fe02,26.697000000000003,0.064508
Fe02,26.763,0.06543533333333333
Fe02,26.829,0.06429733333333333
Fe02,26.895000000000003,0.06233933333333333
Fe02,26.961,0.05789066666666667
Fe02,27.027,0.052988
Fe02,27.093000000000004,0.046996666666666666
Fe02,27.159,0.040568
Fe02,27.225,0.033754
Fe02,27.291000000000004,0.027586666666666666
Fe02,27.357,0.021722666666666668
Fe02,27.423000000000002,0.016610666666666666
Fe02,27.489000000000004,0.012385333333333333
Fe02,27.555,0.008862
Fe02,27.621000000000002,0.0061586666666666665
Fe02,27.687,0.004172
Fe02,27.753,0.002658
Fe02,27.819000000000003,0.0016726666666666667
Fe02,27.885,0.001048
Fe02,27.951,0.0006486666666666666
Fe02,28.017000000000003,0.000356
Fe02,28.083,0.00018466666666666666
Fe02,28.149,0.00011666666666666667
Fe02,28.215000000000003,4.133333333333333e-05
Fe02,28.281,1.4666666666666666e-05
Fe02,28.347,1.4e-05
Fe02,28.413000000000004,2e-06
Fe02,28.479,2.666666666666667e-06
Fe02,28.545,0.0
Ni03,24.387,1.3333333333333334e-06
Ni03,24.453000000000003,2e-06
Ni03,24.519,4e-06
Ni03,24.585,2e-06
Ni03,24.651000000000003,2.2666666666666668e-05
Ni03,24.717,4.133333333333333e-05
Ni03,24.783,9.133333333333334e-05
Ni03,24.849000000000004,0.000168
Ni03,24.915,0.00026066666666666664
Ni03,24.981,0.00046866666666666666
Ni03,25.047000000000004,0.000802
Ni03,25.113,0.0013293333333333334
Ni03,25.179000000000002,0.001972666666666667
Ni03,25.245,0.003044666666666667
Ni03,25.311,0.004516666666666667
Ni03,25.377000000000002,0.006686
Ni03,25.443,0.009002666666666667
Ni03,25.509,0.012602666666666667
Ni03,25.575000000000003,0.016209333333333333
Ni03,25.641,0.021408666666666666
Ni03,25.707,0.025825333333333332
Ni03,25.773000000000003,0.032169333333333335
Ni03,25.839,0.0374
Ni03,25.905,0.044117333333333335
Ni03,25.971000000000004,0.04870133333333333
Ni03,26.037,0.05420666666666667
Ni03,26.103,0.057700666666666664
Ni03,26.169000000000004,0.061314
Ni03,26.235,0.061886
Ni03,26.301000000000002,0.062359333333333336
Ni03,26.367,0.060817333333333334
Ni03,26.433,0.058366
Ni03,26.499000000000002,0.05405466666666667
Ni03,26.565,0.04926933333333333
Ni03,26.631,0.043786
Ni03,26.697000000000003,0.037823333333333334
Ni03,26.763,0.031615333333333336
Ni03,26.829,0.025789333333333334
Ni03,26.895000000000003,0.020692666666666668
Ni03,26.961,0.015824
Ni03,27.027,0.011913333333333333
Ni03,27.093000000000004,0.008575333333333334
Ni03,27.159,0.006066666666666666
Ni03,27.225,0.004135333333333334
Ni03,27.291000000000004,0.002726
Ni03,27.357,0.001646
Ni03,27.423000000000002,0.001112
Ni03,27.489000000000004,0.0006713333333333334
Ni03,27.555,0.0003933333333333333
Ni03,27.621000000000002,0.00018666666666666666
Ni03,27.687,0.00012933333333333332
Ni03,27.753,4.933333333333333e-05
Ni03,27.819000000000003,1.8e-05
Ni03,27.885,1.2666666666666667e-05
Ni03,27.951,6.666666666666667e-06
Ni03,28.017000000000003,2.666666666666667e-06
Ni03,28.083,0.0
Ir03,23.463,5e-07
Ir03,23.529000000000003,1e-06
Ir03,23.595,2e-06
Ir03,23.661,2e-06
Ir03,23.727000000000004,7e-06
Ir03,23.793,2.55e-05
Ir03,23.859,4.9e-05
Ir03,23.925,8.65e-05
Ir03,23.991,0.0001405
Ir03,24.057000000000002,0.000253
Ir03,24.123,0.0004175
Ir03,24.189,0.000697
Ir03,24.255000000000003,0.0010925
Ir03,24.321,0.00164
Ir03,24.387,0.0024485
Ir03,24.453000000000003,0.003638
Ir03,24.519,0.0052025
Ir03,24.585,0.0068675
Ir03,24.651000000000003,0.00951
Ir03,24.717,0.0119975
Ir03,24.783,0.015724
Ir03,24.849000000000004,0.0190305
Ir03,24.915,0.0232125
Ir03,24.981,0.027056
Ir03,25.047000000000004,0.0317205
Ir03,25.113,0.0355235
Ir03,25.179000000000002,0.0393635
Ir03,25.245,0.0427555
Ir03,25.311,0.045994
Ir03,25.377000000000002,0.048196
Ir03,25.443,0.0500075
Ir03,25.509,0.051294
Ir03,25.575000000000003,0.0514225
Ir03,25.641,0.0514295
Ir03,25.707,0.050266
Ir03,25.773000000000003,0.0488795
Ir03,25.839,0.0463755
Ir03,25.905,0.0436475
Ir03,25.971000000000004,0.0398655
Ir03,26.037,0.036091
Ir03,26.103,0.032016
Ir03,26.169000000000004,0.0274935
Ir03,26.235,0.023149
Ir03,26.301000000000002,0.0190775
Ir03,26.367,0.0153975
Ir03,26.433,0.0117525
Ir03,26.499000000000002,0.0089855
Ir03,26.565,0.006515
Ir03,26.631,0.004725
Ir03,26.697000000000003,0.003288
Ir03,26.763,0.0021525
Ir03,26.829,0.001348
Ir03,26.895000000000003,0.0009065
Ir03,26.961,0.0005555
Ir03,27.027,0.000333
Ir03,27.093000000000004,0.0001755
Ir03,27.159,0.000106
Ir03,27.225,5.2e-05
Ir03,27.291000000000004,1.8e-05
Ir03,27.357,1.2e-05
Ir03,27.423000000000002,5.5e-06
Ir03,27.489000000000004,2.5e-06
Ir03,27.555,5e-07
Ir03,27.621000000000002,0.0
Cu03,22.935000000000002,1.3333333333333334e-06
Cu03,23.001,6.666666666666667e-07
Cu03,23.067,2.666666666666667e-06
Cu03,23.133000000000003,2.666666666666667e-06
Cu03,23.198999999999998,1.3333333333333333e-05
Cu03,23.265,3.4666666666666665e-05
Cu03,23.331000000000003,7e-05
Cu03,23.397,0.00011933333333333334
Cu03,23.463,0.00019933333333333334
Cu03,23.529000000000003,0.0003513333333333333
Cu03,23.595,0.0005793333333333333
Cu03,23.661,0.000964
Cu03,23.727000000000004,0.0014653333333333332
Cu03,23.793,0.0022593333333333332
Cu03,23.859,0.003354666666666667
Cu03,23.925,0.004912
Cu03,23.991,0.006966
Cu03,24.057000000000002,0.009418666666666667
Cu03,24.123,0.012778666666666667
Cu03,24.189,0.01652
Cu03,24.255000000000003,0.021280666666666666
Cu03,24.321,0.025759333333333332
Cu03,24.387,0.031607333333333335
Cu03,24.453000000000003,0.03692666666666667
Cu03,24.519,0.042992
Cu03,24.585,0.04776266666666667
Cu03,24.651000000000003,0.05282933333333333
Cu03,24.717,0.056147333333333334
Cu03,24.783,0.059892
Cu03,24.849000000000004,0.06078733333333333
Cu03,24.915,0.06098733333333333
Cu03,24.981,0.05971133333333333
Cu03,25.047000000000004,0.057860666666666664
Cu03,25.113,0.053643333333333335
Cu03,25.179000000000002,0.049017333333333336
Cu03,25.245,0.04398666666666667
Cu03,25.311,0.03856266666666667
Cu03,25.377000000000002,0.03212333333333333
Cu03,25.443,0.026794
Cu03,25.509,0.021720666666666666
Cu03,25.575000000000003,0.016953333333333334
Cu03,25.641,0.012784
Cu03,25.707,0.009540666666666666
Cu03,25.773000000000003,0.006837333333333333
Cu03,25.839,0.004862
Cu03,25.905,0.003172
Cu03,25.971000000000004,0.002098
Cu03,26.037,0.0013386666666666666
Cu03,26.103,0.0008973333333333333
Cu03,26.169000000000004,0.0004926666666666666
Cu03,26.235,0.000288
Cu03,26.301000000000002,0.00016
Cu03,26.367,0.00010066666666666667
Cu03,26.433,3.733333333333333e-05
Cu03,26.499000000000002,1.2666666666666667e-05
Cu03,26.565,1.4666666666666666e-05
Cu03,26.631,2e-06
Cu03,26.697000000000003,2.666666666666667e-06
Cu03,26.763,0.0
Fe03,22.407000000000004,6.666666666666667e-07
Fe03,22.473,1.3333333333333334e-06
Fe03,22.539,2.666666666666667e-06
Fe03,22.605000000000004,2.666666666666667e-06
Fe03,22.671,1e-05
Fe03,22.737000000000002,3.066666666666667e-05
Fe03,22.803,5.466666666666667e-05
Fe03,22.869,0.00010733333333333333
Fe03,22.935000000000002,0.00019266666666666667
Fe03,23.001,0.00029266666666666666
Fe03,23.067,0.0005113333333333334
Fe03,23.133000000000003,0.0008313333333333333
Fe03,23.198999999999998,0.0013493333333333332
Fe03,23.265,0.001954
Fe03,23.331000000000003,0.0029933333333333335
Fe03,23.397,0.004268
Fe03,23.463,0.006318
Fe03,23.529000000000003,0.008442666666666666
Fe03,23.595,0.011655333333333334
Fe03,23.661,0.015136
Fe03,23.727000000000004,0.01948
Fe03,23.793,0.023941333333333332
Fe03,23.859,0.029661333333333335
Fe03,23.925,0.035027333333333334
Fe03,23.991,0.04053266666666667
Fe03,24.057000000000002,0.04590266666666667
Fe03,24.123,0.05119866666666667
Fe03,24.189,0.05515133333333333
Fe03,24.255000000000003,0.058812
Fe03,24.321,0.060262666666666666
Fe03,24.387,0.06125866666666667
Fe03,24.453000000000003,0.06036266666666667
Fe03,24.519,0.058578
Fe03,24.585,0.05515
Fe03,24.651000000000003,0.05083733333333333
Fe03,24.717,0.04569
Fe03,24.783,0.04048533333333333
Fe03,24.849000000000004,0.0342
Fe03,24.915,0.028771333333333333
Fe03,24.981,0.023327333333333332
Fe03,25.047000000000004,0.018548666666666668
Fe03,25.113,0.01431
Fe03,25.179000000000002,0.010638666666666666
Fe03,25.245,0.007781333333333334
Fe03,25.311,0.005558
Fe03,25.377000000000002,0.003729333333333333
Fe03,25.443,0.0025173333333333332
Fe03,25.509,0.0015693333333333334
Fe03,25.575000000000003,0.0010653333333333333
Fe03,25.641,0.000658
Fe03,25.707,0.00040333333333333334
Fe03,25.773000000000003,0.000194
Fe03,25.839,0.00013266666666666667
Fe03,25.905,5.6666666666666664e-05
Fe03,25.971000000000004,2.6666666666666667e-05
Fe03,26.037,1.3333333333333333e-05
Fe03,26.103,7.333333333333333e-06
Fe03,26.169000000000004,3.3333333333333333e-06
Fe03,26.235,6.666666666666667e-07
Fe03,26.301000000000002,0.0
Ni04,21.879,1.3333333333333334e-06
Ni04,21.945,2e-06
Ni04,22.011000000000003,2.666666666666667e-06
Ni04,22.076999999999998,2.666666666666667e-06
Ni04,22.143,1.5333333333333334e-05
Ni04,22.209000000000003,3.3333333333333335e-05
Ni04,22.275,6.866666666666666e-05
Ni04,22.341,0.00011666666666666667
Ni04,22.407000000000004,0.000188
Ni04,22.473,0.000332
Ni04,22.539,0.000538
Ni04,22.605000000000004,0.0008746666666666667
Ni04,22.671,0.00136
Ni04,22.737000000000002,0.0020093333333333335
Ni04,22.803,0.002951333333333333
Ni04,22.869,0.0042973333333333336
Ni04,22.935000000000002,0.006240666666666667
Ni04,23.001,0.008217333333333333
Ni04,23.067,0.011361333333333333
Ni04,23.133000000000003,0.014586
Ni04,23.198999999999998,0.018807333333333332
Ni04,23.265,0.023056
Ni04,23.331000000000003,0.028358
Ni04,23.397,0.03332266666666667
Ni04,23.463,0.038767333333333334
Ni04,23.529000000000003,0.043956
Ni04,23.595,0.04904733333333333
Ni04,23.661,0.05310533333333333
Ni04,23.727000000000004,0.056212
Ni04,23.793,0.05866266666666667
Ni04,23.859,0.05951
Ni04,23.925,0.059312666666666666
Ni04,23.991,0.057717333333333336
Ni04,24.057000000000002,0.055318
Ni04,24.123,0.051257333333333335
Ni04,24.189,0.04702866666666667
Ni04,24.255000000000003,0.041903333333333334
Ni04,24.321,0.03645933333333334
Ni04,24.387,0.030657333333333335
Ni04,24.453000000000003,0.0255
Ni04,24.519,0.02072
Ni04,24.585,0.016187333333333335
Ni04,24.651000000000003,0.012316
Ni04,24.717,0.009256666666666667
Ni04,24.783,0.006690666666666667
Ni04,24.849000000000004,0.0047866666666666665
Ni04,24.915,0.003226
Ni04,24.981,0.0021193333333333333
Ni04,25.047000000000004,0.001366
Ni04,25.113,0.000932
Ni04,25.179000000000002,0.0005306666666666667
Ni04,25.245,0.000332
Ni04,25.311,0.000176
Ni04,25.377000000000002,0.00011333333333333333
Ni04,25.443,4.8666666666666666e-05
Ni04,25.509,1.7333333333333332e-05
Ni04,25.575000000000003,1.3333333333333333e-05
Ni04,25.641,7.333333333333333e-06
Ni04,25.707,2.666666666666667e-06
Ni04,25.773000000000003,0.0
Ni04,25.839,0.0
Ir04,20.889000000000003,1e-06
Ir04,20.955,5e-07
Ir04,21.021,2e-06
Ir04,21.087000000000003,2e-06
Ir04,21.153,6.5e-06
Ir04,21.219,2.15e-05
Ir04,21.285000000000004,3.4e-05
Ir04,21.351,6.4e-05
Ir04,21.417,0.000124
Ir04,21.483,0.000166
Ir04,21.549,0.000295
Ir04,21.615000000000002,0.0004465
Ir04,21.681,0.000796
Ir04,21.747,0.0011085
Ir04,21.813000000000002,0.001621
Ir04,21.879,0.002338
Ir04,21.945,0.0033725
Ir04,22.011000000000003,0.004711
Ir04,22.076999999999998,0.0061395
Ir04,22.143,0.0082825
Ir04,22.209000000000003,0.0104935
Ir04,22.275,0.0134095
Ir04,22.341,0.0162535
Ir04,22.407000000000004,0.0195675
Ir04,22.473,0.023135
Ir04,22.539,0.0264325
Ir04,22.605000000000004,0.030614
Ir04,22.671,0.033694
Ir04,22.737000000000002,0.0371045
Ir04,22.803,0.0400145
Ir04,22.869,0.0427445
Ir04,22.935000000000002,0.0446625
Ir04,23.001,0.046138
Ir04,23.067,0.04762
Ir04,23.133000000000003,0.047945
Ir04,23.198999999999998,0.04813
Ir04,23.265,0.047224
Ir04,23.331000000000003,0.0462035
Ir04,23.397,0.044581
Ir04,23.463,0.042066
Ir04,23.529000000000003,0.039502
Ir04,23.595,0.0365035
Ir04,23.661,0.0330285
Ir04,23.727000000000004,0.0295555
Ir04,23.793,0.0254585
Ir04,23.859,0.021709
Ir04,23.925,0.018051
Ir04,23.991,0.0148845
Ir04,24.057000000000002,0.011819
Ir04,24.123,0.0091235
Ir04,24.189,0.0068675
Ir04,24.255000000000003,0.0051025
Ir04,24.321,0.003711
Ir04,24.387,0.002465
Ir04,24.453000000000003,0.001705
Ir04,24.519,0.0010865
Ir04,24.585,0.0007485
Ir04,24.651000000000003,0.000469
Ir04,24.717,0.0002985
Ir04,24.783,0.0001525
Ir04,24.849000000000004,0.000101
Ir04,24.915,5e-05
Ir04,24.981,2.05e-05
Ir04,25.047000000000004,1.1e-05
Ir04,25.113,8e-06
Ir04,25.179000000000002,1e-06
Ir04,25.245,2e-06
Ir04,25.311,0.0
Cu04,20.295,6.666666666666667e-07
Cu04,20.361,1.3333333333333334e-06
Cu04,20.427,2.666666666666667e-06
Cu04,20.493000000000002,2.666666666666667e-06
Cu04,20.559,5.333333333333334e-06
Cu04,20.625,2.2666666666666668e-05
Cu04,20.691000000000003,4.4666666666666664e-05
Cu04,20.757,8.066666666666667e-05
Cu04,20.823,0.00013333333333333334
Cu04,20.889000000000003,0.00021066666666666667
Cu04,20.955,0.00034733333333333334
Cu04,21.021,0.00057
Cu04,21.087000000000003,0.000888
Cu04,21.153,0.0013413333333333333
Cu04,21.219,0.0019486666666666667
Cu04,21.285000000000004,0.002818
Cu04,21.351,0.003968666666666666
Cu04,21.417,0.005808666666666667
Cu04,21.483,0.007438666666666666
Cu04,21.549,0.010248666666666666
Cu04,21.615000000000002,0.012958666666666667
Cu04,21.681,0.016823333333333333
Cu04,21.747,0.020686666666666666
Cu04,21.813000000000002,0.024879333333333333
Cu04,21.879,0.029638
Cu04,21.945,0.03428666666666667
Cu04,22.011000000000003,0.03954133333333333
Cu04,22.076999999999998,0.04352333333333333
Cu04,22.143,0.04828866666666667
Cu04,22.209000000000003,0.05149533333333333
Cu04,22.275,0.05442
Cu04,22.341,0.05590666666666667
Cu04,22.407000000000004,0.05685333333333333
Cu04,22.473,0.056338
Cu04,22.539,0.05488666666666667
Cu04,22.605000000000004,0.05253466666666667
Cu04,22.671,0.04886
Cu04,22.737000000000002,0.045025333333333334
Cu04,22.803,0.040442
Cu04,22.869,0.03577933333333334
Cu04,22.935000000000002,0.030318
Cu04,23.001,0.025434
Cu04,23.067,0.021080666666666668
Cu04,23.133000000000003,0.016881333333333335
Cu04,23.198999999999998,0.013183333333333333
Cu04,23.265,0.009977333333333333
Cu04,23.331000000000003,0.007466666666666667
Cu04,23.397,0.005430666666666667
Cu04,23.463,0.0038713333333333334
Cu04,23.529000000000003,0.002584
Cu04,23.595,0.001718
Cu04,23.661,0.0011433333333333334
Cu04,23.727000000000004,0.0008046666666666666
Cu04,23.793,0.00045066666666666665
Cu04,23.859,0.0002686666666666667
Cu04,23.925,0.000148
Cu04,23.991,0.00010466666666666667
Cu04,24.057000000000002,4.3333333333333334e-05
Cu04,24.123,1.7333333333333332e-05
Cu04,24.189,1.3333333333333333e-05
Cu04,24.255000000000003,6e-06
Cu04,24.321,3.3333333333333333e-06
Cu04,24.387,6.666666666666667e-07
Cu04,24.453000000000003,0.0
Ni05,19.701,2e-06
Ni05,19.767000000000003,1.3333333333333334e-06
Ni05,19.833,2.666666666666667e-06
Ni05,19.899,1.3333333333333334e-06
Ni05,19.965000000000003,1.2e-05
Ni05,20.031,2.8666666666666668e-05
Ni05,20.097,4.8e-05
Ni05,20.163000000000004,9.4e-05
Ni05,20.229,0.000156
Ni05,20.295,0.00021933333333333334
Ni05,20.361,0.0003773333333333333
Ni05,20.427,0.00059
Ni05,20.493000000000002,0.0009386666666666666
Ni05,20.559,0.0013753333333333332
Ni05,20.625,0.001988666666666667
Ni05,20.691000000000003,0.0028693333333333335
Ni05,20.757,0.003992666666666667
Ni05,20.823,0.005698666666666667
Ni05,20.889000000000003,0.007338
Ni05,20.955,0.009960666666666666
Ni05,21.021,0.012531333333333334
Ni05,21.087000000000003,0.016177333333333332
Ni05,21.153,0.019895333333333334
Ni05,21.219,0.023586666666666666
Ni05,21.285000000000004,0.028249333333333335
Ni05,21.351,0.03261733333333333
Ni05,21.417,0.03754866666666667
Ni05,21.483,0.041262
Ni05,21.549,0.04599333333333333
Ni05,21.615000000000002,0.049242
Ni05,21.681,0.051944
Ni05,21.747,0.054384
Ni05,21.813000000000002,0.054787333333333334
Ni05,21.879,0.054884
Ni05,21.945,0.053984
Ni05,22.011000000000003,0.052394666666666666
Ni05,22.076999999999998,0.049194
Ni05,22.143,0.04594733333333333
Ni05,22.209000000000003,0.041712
Ni05,22.275,0.03731466666666667
Ni05,22.341,0.03258266666666667
Ni05,22.407000000000004,0.027763333333333334
Ni05,22.473,0.023234
Ni05,22.539,0.019113333333333333
Ni05,22.605000000000004,0.01524
Ni05,22.671,0.011804666666666666
Ni05,22.737000000000002,0.009098666666666666
Ni05,22.803,0.0067213333333333335
Ni05,22.869,0.004979333333333333
Ni05,22.935000000000002,0.003399333333333333
Ni05,23.001,0.0023886666666666665
Ni05,23.067,0.001542
Ni05,23.133000000000003,0.001074
Ni05,23.198999999999998,0.0007226666666666667
Ni05,23.265,0.00043466666666666664
Ni05,23.331000000000003,0.00023733333333333335
Ni05,23.397,0.000142
Ni05,23.463,9.866666666666666e-05
Ni05,23.529000000000003,3.866666666666667e-05
Ni05,23.595,1.6666666666666667e-05
Ni05,23.661,1.3333333333333333e-05
Ni05,23.727000000000004,6e-06
Ni05,23.793,3.3333333333333333e-06
Ni05,23.859,6.666666666666667e-07
Ni05,23.925,0.0
Ir05,18.645000000000003,8e-07
Ir05,18.711,4e-07
Ir05,18.777,1.6e-06
Ir05,18.843000000000004,1.6e-06
Ir05,18.909,2.8e-06
Ir05,18.975,1.24e-05
Ir05,19.041000000000004,2.12e-05
Ir05,19.107,4.08e-05
Ir05,19.173000000000002,6.64e-05
Ir05,19.239,0.0001112
Ir05,19.305,0.0001592
Ir05,19.371000000000002,0.0002736
Ir05,19.437,0.0004012
Ir05,19.503,0.0006564
Ir05,19.569000000000003,0.0009168
Ir05,19.634999999999998,0.0013492
Ir05,19.701,0.001916
Ir05,19.767000000000003,0.0026556
Ir05,19.833,0.0036744
Ir05,19.899,0.0048116
Ir05,19.965000000000003,0.0064708
Ir05,20.031,0.00828
Ir05,20.097,0.0104196
Ir05,20.163000000000004,0.0128984
Ir05,20.229,0.0156884
Ir05,20.295,0.0187484
Ir05,20.361,0.0218916
Ir05,20.427,0.0252756
Ir05,20.493000000000002,0.0285628
Ir05,20.559,0.0321256
Ir05,20.625,0.0350588
Ir05,20.691000000000003,0.0381004
Ir05,20.757,0.0407164
Ir05,20.823,0.0428888
Ir05,20.889000000000003,0.0446532
Ir05,20.955,0.0461284
Ir05,21.021,0.0467936
Ir05,21.087000000000003,0.04675
Ir05,21.153,0.046482
Ir05,21.219,0.0455596
Ir05,21.285000000000004,0.0443524
Ir05,21.351,0.0420812
Ir05,21.417,0.0397728
Ir05,21.483,0.0367904
Ir05,21.549,0.0336584
Ir05,21.615000000000002,0.0305332
Ir05,21.681,0.026904
Ir05,21.747,0.0234296
Ir05,21.813000000000002,0.0196392
Ir05,21.879,0.016562
Ir05,21.945,0.0136332
Ir05,22.011000000000003,0.010918
Ir05,22.076999999999998,0.0085804
Ir05,22.143,0.0064488
Ir05,22.209000000000003,0.0048984
Ir05,22.275,0.0035364
Ir05,22.341,0.0025652
Ir05,22.407000000000004,0.0017908
Ir05,22.473,0.001202
Ir05,22.539,0.0007856
Ir05,22.605000000000004,0.0005292
Ir05,22.671,0.0003456
Ir05,22.737000000000002,0.0002188
Ir05,22.803,0.0001044
Ir05,22.869,7.92e-05
Ir05,22.935000000000002,3.92e-05
Ir05,23.001,1.76e-05
Ir05,23.067,8.4e-06
Ir05,23.133000000000003,6.4e-06
Ir05,23.198999999999998,1.6e-06
Ir05,23.265,1.6e-06
Ir05,23.331000000000003,0.0
Ir05,23.397,0.0
Cu05,17.985,6.666666666666667e-07
Cu05,18.051000000000002,1.3333333333333334e-06
Cu05,18.117,1.3333333333333334e-06
Cu05,18.183,4e-06
Cu05,18.249000000000002,2e-06
Cu05,18.315,1.2666666666666667e-05
Cu05,18.381,3.066666666666667e-05
Cu05,18.447000000000003,4.4666666666666664e-05
Cu05,18.512999999999998,9e-05
Cu05,18.579,0.000142
Cu05,18.645000000000003,0.00020933333333333334
Cu05,18.711,0.0003266666666666667
Cu05,18.777,0.0005186666666666666
Cu05,18.843000000000004,0.0007926666666666667
Cu05,18.909,0.0011786666666666666
Cu05,18.975,0.001584
Cu05,19.041000000000004,0.002373333333333333
Cu05,19.107,0.003194
Cu05,19.173000000000002,0.004658666666666667
Cu05,19.239,0.006051333333333333
Cu05,19.305,0.007758666666666666
Cu05,19.371000000000002,0.010281333333333333
Cu05,19.437,0.012704
Cu05,19.503,0.016224666666666665
Cu05,19.569000000000003,0.01949
Cu05,19.634999999999998,0.023154666666666667
Cu05,19.701,0.027278
Cu05,19.767000000000003,0.031274666666666666
Cu05,19.833,0.035748666666666665
Cu05,19.899,0.039315333333333334
Cu05,19.965000000000003,0.04349
Cu05,20.031,0.046671333333333336
Cu05,20.097,0.048992
Cu05,20.163000000000004,0.051826
Cu05,20.229,0.052173333333333335
Cu05,20.295,0.052864
Cu05,20.361,0.052081333333333334
Cu05,20.427,0.050888
Cu05,20.493000000000002,0.048486
Cu05,20.559,0.04549266666666667
Cu05,20.625,0.042056
Cu05,20.691000000000003,0.038261333333333335
Cu05,20.757,0.03409266666666667
Cu05,20.823,0.029436
Cu05,20.889000000000003,0.025327333333333334
Cu05,20.955,0.021131333333333332
Cu05,21.021,0.017472666666666668
Cu05,21.087000000000003,0.014005333333333333
Cu05,21.153,0.010937333333333334
Cu05,21.219,0.008473333333333333
Cu05,21.285000000000004,0.006394
Cu05,21.351,0.004746
Cu05,21.417,0.003343333333333333
Cu05,21.483,0.002344
Cu05,21.549,0.0015813333333333332
Cu05,21.615000000000002,0.0010853333333333333
Cu05,21.681,0.000784
Cu05,21.747,0.0004406666666666667
Cu05,21.813000000000002,0.00029133333333333333
Cu05,21.879,0.00016066666666666668
Cu05,21.945,0.00011533333333333334
Cu05,22.011000000000003,5.4e-05
Cu05,22.076999999999998,2.5333333333333334e-05
Cu05,22.143,1.3333333333333333e-05
Cu05,22.209000000000003,1.1333333333333334e-05
Cu05,22.275,2e-06
Cu05,22.341,2.666666666666667e-06
Cu05,22.407000000000004,0.0
Cu05,22.473,0.0
Ni06,17.325000000000003,1.5e-06
Ni06,17.391,1e-06
Ni06,17.457,2e-06
Ni06,17.523000000000003,2e-06
Ni06,17.589,7.5e-06
Ni06,17.655,2e-05
Ni06,17.721000000000004,3.2e-05
Ni06,17.787,5.4e-05
Ni06,17.853,9.5e-05
Ni06,17.919,0.0001395
Ni06,17.985,0.0002205
Ni06,18.051000000000002,0.0003505
Ni06,18.117,0.0005135
Ni06,18.183,0.000828
Ni06,18.249000000000002,0.001115
Ni06,18.315,0.001628
Ni06,18.381,0.0022825
Ni06,18.447000000000003,0.003116
Ni06,18.512999999999998,0.0043415
Ni06,18.579,0.005689
Ni06,18.645000000000003,0.0074765
Ni06,18.711,0.0097315
Ni06,18.777,0.012127
Ni06,18.843000000000004,0.0148685
Ni06,18.909,0.018261
Ni06,18.975,0.021817
Ni06,19.041000000000004,0.025641
Ni06,19.107,0.029595
Ni06,19.173000000000002,0.0337975
Ni06,19.239,0.0374995
Ni06,19.305,0.041276
Ni06,19.371000000000002,0.0447165
Ni06,19.437,0.0475805
Ni06,19.503,0.0498645
Ni06,19.569000000000003,0.0509935
Ni06,19.634999999999998,0.051973
Ni06,19.701,0.051572
Ni06,19.767000000000003,0.050886
Ni06,19.833,0.0486845
Ni06,19.899,0.0462625
Ni06,19.965000000000003,0.04326
Ni06,20.031,0.039589
Ni06,20.097,0.035437
Ni06,20.163000000000004,0.0316145
Ni06,20.229,0.02711
Ni06,20.295,0.0231185
Ni06,20.361,0.019422
Ni06,20.427,0.015742
Ni06,20.493000000000002,0.0126435
Ni06,20.559,0.00997
Ni06,20.625,0.007629
Ni06,20.691000000000003,0.005782
Ni06,20.757,0.004214
Ni06,20.823,0.003039
Ni06,20.889000000000003,0.0021565
Ni06,20.955,0.001453
Ni06,21.021,0.001002
Ni06,21.087000000000003,0.000664
Ni06,21.153,0.0004385
Ni06,21.219,0.0002875
Ni06,21.285000000000004,0.000151
Ni06,21.351,9.9e-05
Ni06,21.417,5.85e-05
Ni06,21.483,2.95e-05
Ni06,21.549,1.1e-05
Ni06,21.615000000000002,8.5e-06
Ni06,21.681,4e-06
Ni06,21.747,3e-06
Ni06,21.813000000000002,5e-07
Ni06,21.879,0.0
Ir06,16.137,6.666666666666667e-07
Ir06,16.203000000000003,3.3333333333333335e-07
Ir06,16.269,6.666666666666667e-07
Ir06,16.335,2e-06
Ir06,16.401000000000003,1.6666666666666667e-06
Ir06,16.467,5.333333333333334e-06
Ir06,16.533,1.2666666666666667e-05
Ir06,16.599000000000004,2.0666666666666666e-05
Ir06,16.665,3.566666666666667e-05
Ir06,16.731,6.166666666666667e-05
Ir06,16.797,9.1e-05
Ir06,16.863,0.000134
Ir06,16.929000000000002,0.00020366666666666667
Ir06,16.995,0.00032033333333333333
Ir06,17.061,0.00047633333333333333
Ir06,17.127000000000002,0.000674
Ir06,17.192999999999998,0.00094
Ir06,17.259,0.001337
Ir06,17.325000000000003,0.001807
Ir06,17.391,0.002528
Ir06,17.457,0.0033276666666666667
Ir06,17.523000000000003,0.004304
Ir06,17.589,0.005596
Ir06,17.655,0.0071923333333333336
Ir06,17.721000000000004,0.008806333333333333
Ir06,17.787,0.010939666666666667
Ir06,17.853,0.01311
Ir06,17.919,0.015665333333333333
Ir06,17.985,0.018212333333333334
Ir06,18.051000000000002,0.021088666666666665
Ir06,18.117,0.024094
Ir06,18.183,0.026788666666666665
Ir06,18.249000000000002,0.02997966666666667
Ir06,18.315,0.03267433333333333
Ir06,18.381,0.03521033333333334
Ir06,18.447000000000003,0.037809
Ir06,18.512999999999998,0.039673
Ir06,18.579,0.04149933333333333
Ir06,18.645000000000003,0.04283466666666667
Ir06,18.711,0.043477
Ir06,18.777,0.044073666666666664
Ir06,18.843000000000004,0.043873666666666665
Ir06,18.909,0.043374333333333334
Ir06,18.975,0.04234333333333333
Ir06,19.041000000000004,0.040876333333333334
Ir06,19.107,0.03916
Ir06,19.173000000000002,0.036883
Ir06,19.239,0.03414233333333333
Ir06,19.305,0.031625
Ir06,19.371000000000002,0.028498666666666665
Ir06,19.437,0.025402
Ir06,19.503,0.022382
Ir06,19.569000000000003,0.019259666666666668
Ir06,19.634999999999998,0.016365666666666667
Ir06,19.701,0.013633
Ir06,19.767000000000003,0.011269666666666667
Ir06,19.833,0.008923333333333333
Ir06,19.899,0.007066666666666666
Ir06,19.965000000000003,0.005526333333333334
Ir06,20.031,0.004151
Ir06,20.097,0.0030676666666666665
Ir06,20.163000000000004,0.0023073333333333335
Ir06,20.229,0.0015706666666666666
Ir06,20.295,0.0011076666666666667
Ir06,20.361,0.000771
Ir06,20.427,0.000513
Ir06,20.493000000000002,0.00034666666666666667
Ir06,20.559,0.00023766666666666668
Ir06,20.625,0.00013233333333333334
Ir06,20.691000000000003,7.366666666666666e-05
Ir06,20.757,5.4e-05
Ir06,20.823,2.6333333333333334e-05
Ir06,20.889000000000003,1.1333333333333334e-05
Ir06,20.955,8.333333333333334e-06
Ir06,21.021,5e-06
Ir06,21.087000000000003,6.666666666666667e-07
Ir06,21.153,1.6666666666666667e-06
Ir06,21.219,0.0
Ir06,21.285000000000004,0.0
Cu06,15.411000000000001,5e-07
Cu06,15.477,1e-06
Cu06,15.543000000000001,1e-06
Cu06,15.609000000000002,2e-06
Cu06,15.675,2e-06
Cu06,15.741,6.5e-06
Cu06,15.807,1.35e-05
Cu06,15.873000000000001,2.6e-05
Cu06,15.939,4.5e-05
Cu06,16.005000000000003,6.75e-05
Cu06,16.070999999999998,0.000122
Cu06,16.137,0.0001615
Cu06,16.203000000000003,0.0002495
Cu06,16.269,0.000371
Cu06,16.335,0.000549
Cu06,16.401000000000003,0.0008165
Cu06,16.467,0.0011135
Cu06,16.533,0.0015785
Cu06,16.599000000000004,0.0021775
Cu06,16.665,0.0028835
Cu06,16.731,0.0040035
Cu06,16.797,0.005198
Cu06,16.863,0.0065475
Cu06,16.929000000000002,0.008621
Cu06,16.995,0.010639
Cu06,17.061,0.013106
Cu06,17.127000000000002,0.0161255
Cu06,17.192999999999998,0.0191235
Cu06,17.259,0.0224805
Cu06,17.325000000000003,0.0258935
Cu06,17.391,0.0296925
Cu06,17.457,0.0334855
Cu06,17.523000000000003,0.036682
Cu06,17.589,0.040513
Cu06,17.655,0.043255
Cu06,17.721000000000004,0.0458985
Cu06,17.787,0.0480235
Cu06,17.853,0.0489195
Cu06,17.919,0.049866
Cu06,17.985,0.049485
Cu06,18.051000000000002,0.048606
Cu06,18.117,0.047172
Cu06,18.183,0.0444675
Cu06,18.249000000000002,0.042145
Cu06,18.315,0.038655
Cu06,18.381,0.0350985
Cu06,18.447000000000003,0.031306
Cu06,18.512999999999998,0.0274585
Cu06,18.579,0.0235115
Cu06,18.645000000000003,0.0200785
Cu06,18.711,0.0165765
Cu06,18.777,0.0136335
Cu06,18.843000000000004,0.010885
Cu06,18.909,0.0086385
Cu06,18.975,0.006561
Cu06,19.041000000000004,0.005057
Cu06,19.107,0.003751
Cu06,19.173000000000002,0.002699
Cu06,19.239,0.001924
Cu06,19.305,0.0013325
Cu06,19.371000000000002,0.00097
Cu06,19.437,0.000627
Cu06,19.503,0.0004175
Cu06,19.569000000000003,0.0002965
Cu06,19.634999999999998,0.000154
Cu06,19.701,9.6e-05
Cu06,19.767000000000003,6.95e-05
Cu06,19.833,3.25e-05
Cu06,19.899,1.3e-05
Cu06,19.965000000000003,1.15e-05
Cu06,20.031,6e-06
Cu06,20.097,1e-06
Cu06,20.163000000000004,2.5e-06
Cu06,20.229,0.0
Cu06,20.295,0.0
Ni07,14.619,8e-07
Ni07,14.685,4e-07
Ni07,14.751000000000001,8e-07
Ni07,14.817,3.2e-06
Ni07,14.883000000000001,4e-07
Ni07,14.949000000000002,6e-06
Ni07,15.015,1.16e-05
Ni07,15.081,2.08e-05
Ni07,15.147000000000002,4e-05
Ni07,15.213000000000001,5.6e-05
Ni07,15.279,9.52e-05
Ni07,15.345,0.000134
Ni07,15.411000000000001,0.0002012
Ni07,15.477,0.0003044
Ni07,15.543000000000001,0.0004192
Ni07,15.609000000000002,0.0006544
Ni07,15.675,0.0009024
Ni07,15.741,0.0012036
Ni07,15.807,0.0017316
Ni07,15.873000000000001,0.0022596
Ni07,15.939,0.0031008
Ni07,16.005000000000003,0.004096
Ni07,16.070999999999998,0.0051396
Ni07,16.137,0.0068224
Ni07,16.203000000000003,0.0085324
Ni07,16.269,0.0102956
Ni07,16.335,0.01288
Ni07,16.401000000000003,0.0155516
Ni07,16.467,0.0181
Ni07,16.533,0.0215268
Ni07,16.599000000000004,0.0248044
Ni07,16.665,0.0276612
Ni07,16.731,0.0318788
Ni07,16.797,0.0347372
Ni07,16.863,0.0378624
Ni07,16.929000000000002,0.041298
Ni07,16.995,0.0432128
Ni07,17.061,0.0453708
Ni07,17.127000000000002,0.0471448
Ni07,17.192999999999998,0.0476088
Ni07,17.259,0.0479504
Ni07,17.325000000000003,0.0472824
Ni07,17.391,0.0463624
Ni07,17.457,0.04462
Ni07,17.523000000000003,0.04189
Ni07,17.589,0.0396192
Ni07,17.655,0.0362824
Ni07,17.721000000000004,0.0328372
Ni07,17.787,0.0292084
Ni07,17.853,0.0258304
Ni07,17.919,0.0222108
Ni07,17.985,0.0186428
Ni07,18.051000000000002,0.0158188
Ni07,18.117,0.0131008
Ni07,18.183,0.0103216
Ni07,18.249000000000002,0.0082724
Ni07,18.315,0.0064876
Ni07,18.381,0.0049424
Ni07,18.447000000000003,0.0037016
Ni07,18.512999999999998,0.0026804
Ni07,18.579,0.0019944
Ni07,18.645000000000003,0.0014104
Ni07,18.711,0.0009352
Ni07,18.777,0.000692
Ni07,18.843000000000004,0.0004716
Ni07,18.909,0.0002964
Ni07,18.975,0.0001928
Ni07,19.041000000000004,0.000112
Ni07,19.107,7.44e-05
Ni07,19.173000000000002,4.04e-05
Ni07,19.239,2.52e-05
Ni07,19.305,6.8e-06
Ni07,19.371000000000002,8.8e-06
Ni07,19.437,4.4e-06
Ni07,19.503,8e-07
Ni07,19.569000000000003,2e-06
Ni07,19.634999999999998,0.0
Ni07,19.701,0.0
Ir07,13.299,2.857142857142857e-07
Ir07,13.365000000000002,5.714285714285714e-07
Ir07,13.431000000000001,5.714285714285714e-07
Ir07,13.497,5.714285714285714e-07
Ir07,13.563,1.7142857142857143e-06
Ir07,13.629000000000001,1.7142857142857143e-06
Ir07,13.695,5.7142857142857145e-06
Ir07,13.761000000000001,1.1714285714285715e-05
Ir07,13.827000000000002,1.4e-05
Ir07,13.893,2.7142857142857144e-05
Ir07,13.959,4.4571428571428574e-05
Ir07,14.025,6.942857142857143e-05
Ir07,14.091000000000001,9.114285714285714e-05
Ir07,14.157,0.00013571428571428572
Ir07,14.223,0.0002002857142857143
Ir07,14.289000000000001,0.00026685714285714285
Ir07,14.355,0.00042171428571428573
Ir07,14.421,0.0005722857142857143
Ir07,14.487000000000002,0.0007402857142857143
Ir07,14.553,0.0010651428571428572
Ir07,14.619,0.001414
Ir07,14.685,0.0017842857142857144
Ir07,14.751000000000001,0.002496
Ir07,14.817,0.003137142857142857
Ir07,14.883000000000001,0.00382
Ir07,14.949000000000002,0.005101428571428572
Ir07,15.015,0.006191142857142857
Ir07,15.081,0.007418857142857143
Ir07,15.147000000000002,0.009251714285714285
Ir07,15.213000000000001,0.01095057142857143
Ir07,15.279,0.012617714285714286
Ir07,15.345,0.015018285714285715
Ir07,15.411000000000001,0.01722057142857143
Ir07,15.477,0.01921857142857143
Ir07,15.543000000000001,0.02204257142857143
Ir07,15.609000000000002,0.024316285714285714
Ir07,15.675,0.02652257142857143
Ir07,15.741,0.02922057142857143
Ir07,15.807,0.03131457142857143
Ir07,15.873000000000001,0.03319542857142857
Ir07,15.939,0.035458
Ir07,16.005000000000003,0.03679742857142857
Ir07,16.070999999999998,0.037986
Ir07,16.137,0.039382571428571427
Ir07,16.203000000000003,0.03981571428571429
Ir07,16.269,0.039975142857142855
Ir07,16.335,0.040272857142857145
Ir07,16.401000000000003,0.03965457142857143
Ir07,16.467,0.03878285714285714
Ir07,16.533,0.03806657142857143
Ir07,16.599000000000004,0.03633942857142857
Ir07,16.665,0.03445057142857143
Ir07,16.731,0.03299542857142857
Ir07,16.797,0.030236
Ir07,16.863,0.02801657142857143
Ir07,16.929000000000002,0.025643714285714287
Ir07,16.995,0.02294542857142857
Ir07,17.061,0.020254
Ir07,17.127000000000002,0.01786314285714286
Ir07,17.192999999999998,0.015418
Ir07,17.259,0.012904857142857143
Ir07,17.325000000000003,0.010993714285714285
Ir07,17.391,0.009104571428571429
Ir07,17.457,0.007242571428571429
Ir07,17.523000000000003,0.005806857142857143
Ir07,17.589,0.004663142857142857
Ir07,17.655,0.0035122857142857143
Ir07,17.721000000000004,0.002676
Ir07,17.787,0.0020122857142857143
Ir07,17.853,0.0014642857142857142
Ir07,17.919,0.0010582857142857143
Ir07,17.985,0.0007197142857142858
Ir07,18.051000000000002,0.0005491428571428571
Ir07,18.117,0.00036885714285714283
Ir07,18.183,0.00023485714285714285
Ir07,18.249000000000002,0.00016685714285714285
Ir07,18.315,9.571428571428571e-05
Ir07,18.381,6e-05
Ir07,18.447000000000003,4.1142857142857146e-05
Ir07,18.512999999999998,2.1714285714285715e-05
Ir07,18.579,1.1142857142857143e-05
Ir07,18.645000000000003,6e-06
Ir07,18.711,4.2857142857142855e-06
Ir07,18.777,2.2857142857142856e-06
Ir07,18.843000000000004,8.571428571428571e-07
Ir07,18.909,5.714285714285714e-07
Ir07,18.975,0.0
Cu07,12.507000000000001,8e-07
Cu07,12.573,4e-07
Cu07,12.639,8e-07
Cu07,12.705000000000002,2.4e-06
Cu07,12.771,1.2e-06
Cu07,12.837,3.6e-06
Cu07,12.903,1.04e-05
Cu07,12.969000000000001,1.44e-05
Cu07,13.035,2.68e-05
Cu07,13.101,4.16e-05
Cu07,13.167000000000002,6.36e-05
Cu07,13.233,9.76e-05
Cu07,13.299,0.0001288
Cu07,13.365000000000002,0.000194
Cu07,13.431000000000001,0.000278
Cu07,13.497,0.00037
Cu07,13.563,0.000572
Cu07,13.629000000000001,0.0007708
Cu07,13.695,0.0009932
Cu07,13.761000000000001,0.0014092
Cu07,13.827000000000002,0.0018548
Cu07,13.893,0.0023344
Cu07,13.959,0.003246
Cu07,14.025,0.0040704
Cu07,14.091000000000001,0.0049652
Cu07,14.157,0.0065904
Cu07,14.223,0.0079696
Cu07,14.289000000000001,0.009516
Cu07,14.355,0.011912
Cu07,14.421,0.014166
Cu07,14.487000000000002,0.0161888
Cu07,14.553,0.0193216
Cu07,14.619,0.0221936
Cu07,14.685,0.0246624
Cu07,14.751000000000001,0.0281368
Cu07,14.817,0.0313464
Cu07,14.883000000000001,0.0336084
Cu07,14.949000000000002,0.0368236
Cu07,15.015,0.0394632
Cu07,15.081,0.0411712
Cu07,15.147000000000002,0.0431392
Cu07,15.213000000000001,0.0445912
Cu07,15.279,0.0447968
Cu07,15.345,0.0453532
Cu07,15.411000000000001,0.0448072
Cu07,15.477,0.0436404
Cu07,15.543000000000001,0.042558
Cu07,15.609000000000002,0.0401764
Cu07,15.675,0.0381956
Cu07,15.741,0.0352496
Cu07,15.807,0.0321288
Cu07,15.873000000000001,0.0292552
Cu07,15.939,0.0260708
Cu07,16.005000000000003,0.0226848
Cu07,16.070999999999998,0.01965
Cu07,16.137,0.0167832
Cu07,16.203000000000003,0.014126
Cu07,16.269,0.0116836
Cu07,16.335,0.0094272
Cu07,16.401000000000003,0.0075908
Cu07,16.467,0.0060236
Cu07,16.533,0.0046464
Cu07,16.599000000000004,0.0035764
Cu07,16.665,0.0027024
Cu07,16.731,0.0019388
Cu07,16.797,0.0014496
Cu07,16.863,0.0010008
Cu07,16.929000000000002,0.0007552
Cu07,16.995,0.0005268
Cu07,17.061,0.0003292
Cu07,17.127000000000002,0.00025
Cu07,17.192999999999998,0.0001428
Cu07,17.259,8.92e-05
Cu07,17.325000000000003,6.32e-05
Cu07,17.391,3.48e-05
Cu07,17.457,1.96e-05
Cu07,17.523000000000003,8e-06
Cu07,17.589,6.8e-06
Cu07,17.655,4.8e-06
Cu07,17.721000000000004,8e-07
Cu07,17.787,2e-06
Cu07,17.853,0.0
Cu07,17.919,0.0
Ni08,11.583,6.666666666666667e-07
Ni08,11.649000000000001,3.3333333333333335e-07
Ni08,11.715,6.666666666666667e-07
Ni08,11.781,2e-06
Ni08,11.847000000000001,1e-06
Ni08,11.913,2.333333333333333e-06
Ni08,11.979,7e-06
Ni08,12.045000000000002,1.2e-05
Ni08,12.111,1.4666666666666666e-05
Ni08,12.177,3.1666666666666666e-05
Ni08,12.243,3.933333333333333e-05
Ni08,12.309000000000001,6.466666666666666e-05
Ni08,12.375,0.000102
Ni08,12.441,0.000121
Ni08,12.507000000000001,0.000194
Ni08,12.573,0.00026066666666666664
Ni08,12.639,0.00035233333333333335
Ni08,12.705000000000002,0.0005353333333333333
Ni08,12.771,0.000696
Ni08,12.837,0.0008966666666666667
Ni08,12.903,0.0012636666666666666
Ni08,12.969000000000001,0.0016096666666666666
Ni08,13.035,0.002068
Ni08,13.101,0.002788
Ni08,13.167000000000002,0.0034696666666666665
Ni08,13.233,0.004347666666666666
Ni08,13.299,0.005547333333333333
Ni08,13.365000000000002,0.006747666666666667
Ni08,13.431000000000001,0.008192333333333333
Ni08,13.497,0.009990333333333334
Ni08,13.563,0.011935666666666667
Ni08,13.629000000000001,0.013955333333333333
Ni08,13.695,0.016239333333333335
Ni08,13.761000000000001,0.018872
Ni08,13.827000000000002,0.021410666666666668
Ni08,13.893,0.024053666666666668
Ni08,13.959,0.026934333333333334
Ni08,14.025,0.029687
Ni08,14.091000000000001,0.032465666666666664
Ni08,14.157,0.034833333333333334
Ni08,14.223,0.03718
Ni08,14.289000000000001,0.039293
Ni08,14.355,0.040838
Ni08,14.421,0.042444
Ni08,14.487000000000002,0.042927
Ni08,14.553,0.04323
Ni08,14.619,0.04316866666666667
Ni08,14.685,0.04249833333333333
Ni08,14.751000000000001,0.04136366666666667
Ni08,14.817,0.03984633333333333
Ni08,14.883000000000001,0.037728
Ni08,14.949000000000002,0.03530766666666667
Ni08,15.015,0.03291533333333333
Ni08,15.081,0.030074333333333335
Ni08,15.147000000000002,0.027028666666666666
Ni08,15.213000000000001,0.024384
Ni08,15.279,0.021118
Ni08,15.345,0.018538333333333334
Ni08,15.411000000000001,0.015677
Ni08,15.477,0.013387666666666668
Ni08,15.543000000000001,0.011082333333333333
Ni08,15.609000000000002,0.009056333333333333
Ni08,15.675,0.007397
Ni08,15.741,0.005858
Ni08,15.807,0.004621
Ni08,15.873000000000001,0.003516
Ni08,15.939,0.002742
Ni08,16.005000000000003,0.0020053333333333334
Ni08,16.070999999999998,0.001468
Ni08,16.137,0.0010916666666666666
Ni08,16.203000000000003,0.0007823333333333333
Ni08,16.269,0.0005636666666666666
Ni08,16.335,0.00040166666666666665
Ni08,16.401000000000003,0.00025166666666666664
Ni08,16.467,0.00018666666666666666
Ni08,16.533,0.00010933333333333334
Ni08,16.599000000000004,6.766666666666667e-05
Ni08,16.665,4.8333333333333334e-05
Ni08,16.731,2.3e-05
Ni08,16.797,1.4333333333333334e-05
Ni08,16.863,7.666666666666667e-06
Ni08,16.929000000000002,6.333333333333333e-06
Ni08,16.995,3e-06
Ni08,17.061,1e-06
Ni08,17.127000000000002,1.3333333333333334e-06
Ni08,17.192999999999998,3.3333333333333335e-07
Ni08,17.259,0.0
Ir08,9.999,4e-07
Ir08,10.065000000000001,2e-07
Ir08,10.131,4e-07
Ir08,10.197,8e-07
Ir08,10.263000000000002,1e-06
Ir08,10.329,6e-07
Ir08,10.395,1.8e-06
Ir08,10.461,4e-06
Ir08,10.527000000000001,7e-06
Ir08,10.593,9.8e-06
Ir08,10.659,1.52e-05
Ir08,10.725000000000001,2.44e-05
Ir08,10.791,3.6e-05
Ir08,10.857,5.12e-05
Ir08,10.923000000000002,6.28e-05
Ir08,10.989,9.7e-05
Ir08,11.055,0.0001376
Ir08,11.121,0.0001762
Ir08,11.187000000000001,0.0002448
Ir08,11.253,0.0003274
Ir08,11.319,0.000441
Ir08,11.385000000000002,0.000571
Ir08,11.451,0.000757
Ir08,11.517,0.00097
Ir08,11.583,0.001206
Ir08,11.649000000000001,0.0016044
Ir08,11.715,0.0020174
Ir08,11.781,0.0024786
Ir08,11.847000000000001,0.0030736
Ir08,11.913,0.0037786
Ir08,11.979,0.0046088
Ir08,12.045000000000002,0.0055322
Ir08,12.111,0.006561
Ir08,12.177,0.0078018
Ir08,12.243,0.0090754
Ir08,12.309000000000001,0.010468
Ir08,12.375,0.0121862
Ir08,12.441,0.0136732
Ir08,12.507000000000001,0.0154856
Ir08,12.573,0.0172908
Ir08,12.639,0.0192688
Ir08,12.705000000000002,0.0210776
Ir08,12.771,0.0230242
Ir08,12.837,0.0249112
Ir08,12.903,0.0267172
Ir08,12.969000000000001,0.0284892
Ir08,13.035,0.0300164
Ir08,13.101,0.0315048
Ir08,13.167000000000002,0.0328166
Ir08,13.233,0.0338762
Ir08,13.299,0.0347416
Ir08,13.365000000000002,0.0354238
Ir08,13.431000000000001,0.0357076
Ir08,13.497,0.035793
Ir08,13.563,0.0357174
Ir08,13.629000000000001,0.035245
Ir08,13.695,0.0347054
Ir08,13.761000000000001,0.0336648
Ir08,13.827000000000002,0.0326948
Ir08,13.893,0.031105
Ir08,13.959,0.0296464
Ir08,14.025,0.0279344
Ir08,14.091000000000001,0.0260304
Ir08,14.157,0.0240172
Ir08,14.223,0.0220102
Ir08,14.289000000000001,0.0200094
Ir08,14.355,0.0178162
Ir08,14.421,0.0159436
Ir08,14.487000000000002,0.0138254
Ir08,14.553,0.01198
Ir08,14.619,0.010341
Ir08,14.685,0.0086088
Ir08,14.751000000000001,0.0073296
Ir08,14.817,0.0059686
Ir08,14.883000000000001,0.0049084
Ir08,14.949000000000002,0.0038688
Ir08,15.015,0.0031316
Ir08,15.081,0.0023796
Ir08,15.147000000000002,0.0018994
Ir08,15.213000000000001,0.0013786
Ir08,15.279,0.0010524
Ir08,15.345,0.0007744
Ir08,15.411000000000001,0.0005672
Ir08,15.477,0.000413
Ir08,15.543000000000001,0.000298
Ir08,15.609000000000002,0.0002006
Ir08,15.675,0.0001414
Ir08,15.741,9.34e-05
Ir08,15.807,5.78e-05
Ir08,15.873000000000001,3.86e-05
Ir08,15.939,2.52e-05
Ir08,16.005000000000003,1.18e-05
Ir08,16.070999999999998,7.4e-06
Ir08,16.137,4.8e-06
Ir08,16.203000000000003,3e-06
Ir08,16.269,1.8e-06
Ir08,16.335,1.2e-06
Ir08,16.401000000000003,2e-07
Ir08,16.467,2e-07
Ir08,16.533,0.0
Cu08,8.943000000000001,2.857142857142857e-07
Cu08,9.009,2.857142857142857e-07
Cu08,9.075,2.857142857142857e-07
Cu08,9.141000000000002,8.571428571428571e-07
Cu08,9.207,1.1428571428571428e-06
Cu08,9.273,1.7142857142857143e-06
Cu08,9.339,5.714285714285714e-07
Cu08,9.405000000000001,3.4285714285714285e-06
Cu08,9.471,5.428571428571429e-06
Cu08,9.537,9.714285714285713e-06
Cu08,9.603000000000002,1.4e-05
Cu08,9.669,1.9142857142857143e-05
Cu08,9.735,3.2e-05
Cu08,9.801,4.3714285714285715e-05
Cu08,9.867,6.714285714285714e-05
Cu08,9.933,8.428571428571429e-05
Cu08,9.999,0.000118
Cu08,10.065000000000001,0.000164
Cu08,10.131,0.0002082857142857143
Cu08,10.197,0.00028571428571428574
Cu08,10.263000000000002,0.0003831428571428571
Cu08,10.329,0.0005277142857142858
Cu08,10.395,0.0006537142857142857
Cu08,10.461,0.0008565714285714285
Cu08,10.527000000000001,0.001116857142857143
Cu08,10.593,0.0014231428571428572
Cu08,10.659,0.0017634285714285714
Cu08,10.725000000000001,0.002234
Cu08,10.791,0.0028445714285714285
Cu08,10.857,0.003422285714285714
Cu08,10.923000000000002,0.004244571428571428
Cu08,10.989,0.005152
Cu08,11.055,0.006262285714285714
Cu08,11.121,0.007441714285714286
Cu08,11.187000000000001,0.008808571428571428
Cu08,11.253,0.010319714285714286
Cu08,11.319,0.012075428571428572
Cu08,11.385000000000002,0.013782285714285714
Cu08,11.451,0.015919714285714287
Cu08,11.517,0.017931142857142857
Cu08,11.583,0.020095142857142857
Cu08,11.649000000000001,0.022454
Cu08,11.715,0.02465857142857143
Cu08,11.781,0.02709857142857143
Cu08,11.847000000000001,0.02901257142857143
Cu08,11.913,0.031542
Cu08,11.979,0.03319
Cu08,12.045000000000002,0.035298857142857146
Cu08,12.111,0.03645657142857143
Cu08,12.177,0.038184
Cu08,12.243,0.038797142857142856
Cu08,12.309000000000001,0.039366285714285715
Cu08,12.375,0.039608285714285714
Cu08,12.441,0.03933628571428571
Cu08,12.507000000000001,0.038826571428571426
Cu08,12.573,0.037792
Cu08,12.639,0.03669114285714286
Cu08,12.705000000000002,0.03491457142857143
Cu08,12.771,0.033176
Cu08,12.837,0.030946285714285714
Cu08,12.903,0.028736571428571427
Cu08,12.969000000000001,0.026241428571428572
Cu08,13.035,0.02389
Cu08,13.101,0.021309714285714286
Cu08,13.167000000000002,0.018916285714285715
Cu08,13.233,0.01651285714285714
Cu08,13.299,0.014407428571428571
Cu08,13.365000000000002,0.012225428571428571
Cu08,13.431000000000001,0.010379714285714286
Cu08,13.497,0.008693714285714286
Cu08,13.563,0.007120285714285714
Cu08,13.629000000000001,0.005894857142857143
Cu08,13.695,0.004639714285714286
Cu08,13.761000000000001,0.00379
Cu08,13.827000000000002,0.002880857142857143
Cu08,13.893,0.0023045714285714284
Cu08,13.959,0.0016748571428571429
Cu08,14.025,0.0013328571428571428
Cu08,14.091000000000001,0.000944
Cu08,14.157,0.0007502857142857143
Cu08,14.223,0.0005028571428571429
Cu08,14.289000000000001,0.0004042857142857143
Cu08,14.355,0.00025142857142857145
Cu08,14.421,0.000192
Cu08,14.487000000000002,0.00012028571428571428
Cu08,14.553,8e-05
Cu08,14.619,5.5714285714285715e-05
Cu08,14.685,3.285714285714286e-05
Cu08,14.751000000000001,1.8285714285714284e-05
Cu08,14.817,1.0285714285714286e-05
Cu08,14.883000000000001,8e-06
Cu08,14.949000000000002,4.571428571428571e-06
Cu08,15.015,3.714285714285714e-06
Cu08,15.081,5.714285714285714e-07
Cu08,15.147000000000002,1.4285714285714286e-06
Cu08,15.213000000000001,0.0
Cu08,15.279,2.857142857142857e-07
Ni09,7.821,5e-07
Ni09,7.8870000000000005,2.5e-07
Ni09,7.953,0.0
Ni09,8.019,1e-06
Ni09,8.085,7.5e-07
Ni09,8.151,1.75e-06
Ni09,8.217,5e-07
Ni09,8.283000000000001,2.25e-06
Ni09,8.349,4.75e-06
Ni09,8.415,5.75e-06
Ni09,8.481000000000002,1.15e-05
Ni09,8.547,1.175e-05
Ni09,8.613,2.45e-05
Ni09,8.679,2.95e-05
Ni09,8.745000000000001,4.35e-05
Ni09,8.811,6.575e-05
Ni09,8.877,7.225e-05
Ni09,8.943000000000001,0.00010675
Ni09,9.009,0.0001405
Ni09,9.075,0.000184
Ni09,9.141000000000002,0.000244
Ni09,9.207,0.0003165
Ni09,9.273,0.00042575
Ni09,9.339,0.00052425
Ni09,9.405000000000001,0.00069525
Ni09,9.471,0.0008665
Ni09,9.537,0.001103
Ni09,9.603000000000002,0.001366
Ni09,9.669,0.00170575
Ni09,9.735,0.00214175
Ni09,9.801,0.002621
Ni09,9.867,0.0031925
Ni09,9.933,0.00382925
Ni09,9.999,0.00462725
Ni09,10.065000000000001,0.00562375
Ni09,10.131,0.006521
Ni09,10.197,0.00777375
Ni09,10.263000000000002,0.008955
Ni09,10.329,0.01052825
Ni09,10.395,0.011956
Ni09,10.461,0.01369875
Ni09,10.527000000000001,0.0154475
Ni09,10.593,0.01738575
Ni09,10.659,0.01931825
Ni09,10.725000000000001,0.021291
Ni09,10.791,0.023487
Ni09,10.857,0.02539125
Ni09,10.923000000000002,0.0274755
Ni09,10.989,0.02932275
Ni09,11.055,0.03130325
Ni09,11.121,0.032776
Ni09,11.187000000000001,0.03430125
Ni09,11.253,0.03545825
Ni09,11.319,0.0365265
Ni09,11.385000000000002,0.0369935
Ni09,11.451,0.037474
Ni09,11.517,0.037398
Ni09,11.583,0.0372155
Ni09,11.649000000000001,0.0364245
Ni09,11.715,0.035677
Ni09,11.781,0.03429075
Ni09,11.847000000000001,0.032965
Ni09,11.913,0.03107725
Ni09,11.979,0.0293665
Ni09,12.045000000000002,0.02707575
Ni09,12.111,0.0250455
Ni09,12.177,0.0228395
Ni09,12.243,0.02056675
Ni09,12.309000000000001,0.01839325
Ni09,12.375,0.016135
Ni09,12.441,0.0142485
Ni09,12.507000000000001,0.012178
Ni09,12.573,0.0105595
Ni09,12.639,0.00879625
Ni09,12.705000000000002,0.00747825
Ni09,12.771,0.00612825
Ni09,12.837,0.00503475
Ni09,12.903,0.0040775
Ni09,12.969000000000001,0.00320825
Ni09,13.035,0.00259875
Ni09,13.101,0.001951
Ni09,13.167000000000002,0.0015525
Ni09,13.233,0.00115325
Ni09,13.299,0.0008895
Ni09,13.365000000000002,0.0006775
Ni09,13.431000000000001,0.00047575
Ni09,13.497,0.00038125
Ni09,13.563,0.0002405
Ni09,13.629000000000001,0.00018
Ni09,13.695,0.0001185
Ni09,13.761000000000001,8.1e-05
Ni09,13.827000000000002,5.5e-05
Ni09,13.893,3.925e-05
Ni09,13.959,1.9e-05
Ni09,14.025,1.25e-05
Ni09,14.091000000000001,7e-06
Ni09,14.157,6.75e-06
Ni09,14.223,3.25e-06
Ni09,14.289000000000001,2e-06
Ni09,14.355,7.5e-07
Ni09,14.421,5e-07
Ni09,14.487000000000002,2.5e-07
Ni09,14.553,0.0
Ir09,5.841,2.857142857142857e-07
Ir09,5.907,1.4285714285714285e-07
Ir09,5.973000000000001,1.4285714285714285e-07
Ir09,6.039,4.2857142857142857e-07
Ir09,6.105,4.2857142857142857e-07
Ir09,6.171,8.571428571428571e-07
Ir09,6.237,4.2857142857142857e-07
Ir09,6.303000000000001,4.2857142857142857e-07
Ir09,6.369,1.7142857142857143e-06
Ir09,6.4350000000000005,1.7142857142857143e-06
Ir09,6.501,3.714285714285714e-06
Ir09,6.567,5.142857142857143e-06
Ir09,6.633000000000001,6.714285714285714e-06
Ir09,6.699,9.428571428571428e-06
Ir09,6.765000000000001,1.3714285714285714e-05
Ir09,6.831,1.7714285714285713e-05
Ir09,6.897,2.6e-05
Ir09,6.963000000000001,3.342857142857143e-05
Ir09,7.029,4.142857142857143e-05
Ir09,7.095000000000001,5.628571428571428e-05
Ir09,7.161,6.914285714285715e-05
Ir09,7.227,8.8e-05
Ir09,7.293000000000001,0.00011642857142857143
Ir09,7.359,0.00014757142857142858
Ir09,7.425000000000001,0.00018057142857142857
Ir09,7.491,0.00024085714285714286
Ir09,7.557,0.00029085714285714283
Ir09,7.623000000000001,0.0003761428571428571
Ir09,7.689,0.00044742857142857144
Ir09,7.755000000000001,0.0005805714285714286
Ir09,7.821,0.0006831428571428571
Ir09,7.8870000000000005,0.0008614285714285715
Ir09,7.953,0.0010174285714285715
Ir09,8.019,0.001266857142857143
Ir09,8.085,0.0015178571428571428
Ir09,8.151,0.0018202857142857144
Ir09,8.217,0.0021587142857142855
Ir09,8.283000000000001,0.0025577142857142856
Ir09,8.349,0.003055
Ir09,8.415,0.003526
Ir09,8.481000000000002,0.004205
Ir09,8.547,0.004766571428571428
Ir09,8.613,0.005586428571428571
Ir09,8.679,0.006338428571428571
Ir09,8.745000000000001,0.007276
Ir09,8.811,0.008160142857142857
Ir09,8.877,0.009266428571428571
Ir09,8.943000000000001,0.010305428571428571
Ir09,9.009,0.011539857142857143
Ir09,9.075,0.012697
Ir09,9.141000000000002,0.014026428571428572
Ir09,9.207,0.015335142857142858
Ir09,9.273,0.016684
Ir09,9.339,0.018029142857142858
Ir09,9.405000000000001,0.01945142857142857
Ir09,9.471,0.020823714285714286
Ir09,9.537,0.022103285714285714
Ir09,9.603000000000002,0.023490428571428572
Ir09,9.669,0.02464457142857143
Ir09,9.735,0.025941142857142857
Ir09,9.801,0.02686142857142857
Ir09,9.867,0.027997571428571427
Ir09,9.933,0.028671571428571428
Ir09,9.999,0.029495714285714285
Ir09,10.065000000000001,0.029979285714285715
Ir09,10.131,0.030476285714285713
Ir09,10.197,0.030677285714285716
Ir09,10.263000000000002,0.030820285714285713
Ir09,10.329,0.03064542857142857
Ir09,10.395,0.030493714285714287
Ir09,10.461,0.02989657142857143
Ir09,10.527000000000001,0.029425285714285713
Ir09,10.593,0.028689857142857142
Ir09,10.659,0.027686285714285715
Ir09,10.725000000000001,0.026708857142857142
Ir09,10.791,0.025529142857142858
Ir09,10.857,0.02432257142857143
Ir09,10.923000000000002,0.022824
Ir09,10.989,0.021487
Ir09,11.055,0.019891714285714287
Ir09,11.121,0.01839057142857143
Ir09,11.187000000000001,0.016817571428571428
Ir09,11.253,0.015265857142857144
Ir09,11.319,0.013838142857142858
Ir09,11.385000000000002,0.012285428571428572
Ir09,11.451,0.010920714285714285
Ir09,11.517,0.009572142857142857
Ir09,11.583,0.008324857142857143
Ir09,11.649000000000001,0.007167285714285715
Ir09,11.715,0.0061288571428571425
Ir09,11.781,0.005185142857142857
Ir09,11.847000000000001,0.004371571428571429
Ir09,11.913,0.0035687142857142857
Ir09,11.979,0.0029638571428571426
Ir09,12.045000000000002,0.0023847142857142856
Ir09,12.111,0.0019265714285714285
Ir09,12.177,0.0015282857142857142
Ir09,12.243,0.0011982857142857142
Ir09,12.309000000000001,0.000932
Ir09,12.375,0.0006998571428571429
Ir09,12.441,0.00057
Ir09,12.507000000000001,0.0004051428571428571
Ir09,12.573,0.00031585714285714284
Ir09,12.639,0.000232
Ir09,12.705000000000002,0.00016514285714285714
Ir09,12.771,0.000125
Ir09,12.837,7.957142857142858e-05
Ir09,12.903,5.642857142857143e-05
Ir09,12.969000000000001,3.6714285714285714e-05
Ir09,13.035,2.8714285714285713e-05
Ir09,13.101,1.5714285714285715e-05
Ir09,13.167000000000002,9.857142857142857e-06
Ir09,13.233,6.5714285714285714e-06
Ir09,13.299,4e-06
Ir09,13.365000000000002,2.2857142857142856e-06
Ir09,13.431000000000001,2e-06
Ir09,13.497,1e-06
Ir09,13.563,4.2857142857142857e-07
Ir09,13.629000000000001,2.857142857142857e-07
Ir09,13.695,1.4285714285714285e-07
Ir09,13.761000000000001,0.0
Cu09,4.257,1.6666666666666668e-07
Cu09,4.323,1.6666666666666668e-07
Cu09,4.389,3.3333333333333335e-07
Cu09,4.455,1.6666666666666668e-07
Cu09,4.521000000000001,5e-07
Cu09,4.587,3.3333333333333335e-07
Cu09,4.6530000000000005,8.333333333333333e-07
Cu09,4.719,8.333333333333333e-07
Cu09,4.785,8.333333333333333e-07
Cu09,4.851000000000001,1.1666666666666666e-06
Cu09,4.917,1.5e-06
Cu09,4.9830000000000005,2e-06
Cu09,5.0489999999999995,3e-06
Cu09,5.115,4.833333333333333e-06
Cu09,5.181000000000001,7e-06
Cu09,5.247,9.333333333333333e-06
Cu09,5.313000000000001,1.1666666666666666e-05
Cu09,5.379,1.7666666666666668e-05
Cu09,5.445,2.1666666666666667e-05
Cu09,5.511000000000001,2.7833333333333333e-05
Cu09,5.577,3.7166666666666664e-05
Cu09,5.643000000000001,4.8e-05
Cu09,5.709,5.466666666666667e-05
Cu09,5.775,7.65e-05
Cu09,5.841,8.566666666666667e-05
Cu09,5.907,0.00011666666666666667
Cu09,5.973000000000001,0.00013366666666666667
Cu09,6.039,0.00018183333333333333
Cu09,6.105,0.00020366666666666667
Cu09,6.171,0.00028066666666666664
Cu09,6.237,0.000318
Cu09,6.303000000000001,0.0004223333333333333
Cu09,6.369,0.00048266666666666667
Cu09,6.4350000000000005,0.000612
Cu09,6.501,0.0007195
Cu09,6.567,0.0008736666666666667
Cu09,6.633000000000001,0.001069
Cu09,6.699,0.0012181666666666667
Cu09,6.765000000000001,0.0015121666666666667
Cu09,6.831,0.0017718333333333334
Cu09,6.897,0.0021393333333333334
Cu09,6.963000000000001,0.0025153333333333334
Cu09,7.029,0.0028931666666666667
Cu09,7.095000000000001,0.0034081666666666665
Cu09,7.161,0.003954666666666667
Cu09,7.227,0.004628833333333334
Cu09,7.293000000000001,0.005271166666666667
Cu09,7.359,0.0060955
Cu09,7.425000000000001,0.006921
Cu09,7.491,0.007875333333333333
Cu09,7.557,0.008885833333333334
Cu09,7.623000000000001,0.010007
Cu09,7.689,0.011125166666666667
Cu09,7.755000000000001,0.012419833333333333
Cu09,7.821,0.0137365
Cu09,7.8870000000000005,0.0151055
Cu09,7.953,0.0165215
Cu09,8.019,0.018003
Cu09,8.085,0.019492833333333334
Cu09,8.151,0.020982666666666667
Cu09,8.217,0.022466333333333335
Cu09,8.283000000000001,0.023910333333333332
Cu09,8.349,0.025371833333333333
Cu09,8.415,0.026649833333333334
Cu09,8.481000000000002,0.027921333333333333
Cu09,8.547,0.02895
Cu09,8.613,0.030068833333333333
Cu09,8.679,0.0308135
Cu09,8.745000000000001,0.03141083333333333
Cu09,8.811,0.03201283333333333
Cu09,8.877,0.0321895
Cu09,8.943000000000001,0.03221966666666667
Cu09,9.009,0.032190166666666666
Cu09,9.075,0.031687
Cu09,9.141000000000002,0.0312165
Cu09,9.207,0.030459833333333332
Cu09,9.273,0.029462166666666668
Cu09,9.339,0.028329166666666666
Cu09,9.405000000000001,0.027107666666666665
Cu09,9.471,0.0256425
Cu09,9.537,0.024091833333333333
Cu09,9.603000000000002,0.022601833333333335
Cu09,9.669,0.02088133333333333
Cu09,9.735,0.019189333333333333
Cu09,9.801,0.017538833333333333
Cu09,9.867,0.015842666666666668
Cu09,9.933,0.014220666666666666
Cu09,9.999,0.012653166666666667
Cu09,10.065000000000001,0.0112325
Cu09,10.131,0.0097225
Cu09,10.197,0.008519833333333334
Cu09,10.263000000000002,0.0072903333333333336
Cu09,10.329,0.006236166666666667
Cu09,10.395,0.0052585
Cu09,10.461,0.004432666666666666
Cu09,10.527000000000001,0.003639166666666667
Cu09,10.593,0.0030156666666666665
Cu09,10.659,0.002442
Cu09,10.725000000000001,0.0019838333333333335
Cu09,10.791,0.0015661666666666667
Cu09,10.857,0.0012363333333333334
Cu09,10.923000000000002,0.0009803333333333333
Cu09,10.989,0.0007736666666666666
Cu09,11.055,0.000586
Cu09,11.121,0.0004578333333333333
Cu09,11.187000000000001,0.00033883333333333335
Cu09,11.253,0.000261
Cu09,11.319,0.00018583333333333334
Cu09,11.385000000000002,0.00013633333333333333
Cu09,11.451,9.316666666666666e-05
Cu09,11.517,6.566666666666667e-05
Cu09,11.583,4.683333333333333e-05
Cu09,11.649000000000001,3.25e-05
Cu09,11.715,1.9666666666666666e-05
Cu09,11.781,1.15e-05
Cu09,11.847000000000001,7.666666666666667e-06
Cu09,11.913,6.166666666666666e-06
Cu09,11.979,4.5e-06
Cu09,12.045000000000002,2.5e-06
Cu09,12.111,1.1666666666666666e-06
Cu09,12.177,8.333333333333333e-07
Cu09,12.243,3.3333333333333335e-07
Cu09,12.309000000000001,1.6666666666666668e-07
Cu09,12.375,1.6666666666666668e-07
Cu09,12.441,0.0
Ni10,1.947,1.3333333333333334e-07
Ni10,2.013,1.3333333333333334e-07
Ni10,2.079,0.0
Ni10,2.145,2.6666666666666667e-07
Ni10,2.2110000000000003,1.3333333333333334e-07
Ni10,2.277,0.0
Ni10,2.343,5.333333333333333e-07
Ni10,2.4090000000000003,1.3333333333333334e-07
Ni10,2.475,0.0
Ni10,2.5410000000000004,8e-07
Ni10,2.607,4e-07
Ni10,2.673,9.333333333333333e-07
Ni10,2.739,1.3333333333333334e-07
Ni10,2.805,5.333333333333333e-07
Ni10,2.871,1.2e-06
Ni10,2.9370000000000003,8e-07
Ni10,3.003,1.6e-06
Ni10,3.069,1.7333333333333334e-06
Ni10,3.1350000000000002,2.666666666666667e-06
Ni10,3.201,3.466666666666667e-06
Ni10,3.2670000000000003,4.266666666666667e-06
Ni10,3.333,6.933333333333334e-06
Ni10,3.399,6e-06
Ni10,3.4650000000000003,9.6e-06
Ni10,3.531,1.3066666666666666e-05
Ni10,3.5970000000000004,1.36e-05
Ni10,3.6630000000000003,1.64e-05
Ni10,3.729,2.36e-05
Ni10,3.795,2.52e-05
Ni10,3.861,3.4666666666666665e-05
Ni10,3.927,3.88e-05
Ni10,3.993,4.5866666666666666e-05
Ni10,4.059,5.52e-05
Ni10,4.125,6.813333333333333e-05
Ni10,4.191000000000001,8.146666666666666e-05
Ni10,4.257,9.56e-05
Ni10,4.323,0.00011773333333333334
Ni10,4.389,0.000136
Ni10,4.455,0.00016346666666666666
Ni10,4.521000000000001,0.00020106666666666666
Ni10,4.587,0.0002336
Ni10,4.6530000000000005,0.0002881333333333333
Ni10,4.719,0.00033026666666666665
Ni10,4.785,0.0003981333333333333
Ni10,4.851000000000001,0.00045493333333333335
Ni10,4.917,0.0005605333333333334
Ni10,4.9830000000000005,0.0006310666666666666
Ni10,5.0489999999999995,0.0007592
Ni10,5.115,0.0008709333333333333
Ni10,5.181000000000001,0.0010305333333333333
Ni10,5.247,0.0011790666666666666
Ni10,5.313000000000001,0.0013873333333333333
Ni10,5.379,0.0016074666666666666
Ni10,5.445,0.0018588
Ni10,5.511000000000001,0.002166
Ni10,5.577,0.0024149333333333333
Ni10,5.643000000000001,0.002807333333333333
Ni10,5.709,0.0032124
Ni10,5.775,0.0036448
Ni10,5.841,0.0041296
Ni10,5.907,0.004671333333333334
Ni10,5.973000000000001,0.0053
Ni10,6.039,0.005879333333333334
Ni10,6.105,0.006623066666666667
Ni10,6.171,0.007392666666666666
Ni10,6.237,0.008155333333333334
Ni10,6.303000000000001,0.0090832
Ni10,6.369,0.0099512
Ni10,6.4350000000000005,0.010953866666666666
Ni10,6.501,0.011955333333333333
Ni10,6.567,0.013050266666666666
Ni10,6.633000000000001,0.014139066666666667
Ni10,6.699,0.015233866666666667
Ni10,6.765000000000001,0.0164736
Ni10,6.831,0.0176412
Ni10,6.897,0.01879573333333333
Ni10,6.963000000000001,0.020009333333333334
Ni10,7.029,0.021120666666666666
Ni10,7.095000000000001,0.0222596
Ni10,7.161,0.023397466666666665
Ni10,7.227,0.024372133333333334
Ni10,7.293000000000001,0.025341866666666667
Ni10,7.359,0.026202666666666666
Ni10,7.425000000000001,0.0269744
Ni10,7.491,0.0276148
Ni10,7.557,0.028164
Ni10,7.623000000000001,0.0284996
Ni10,7.689,0.0287716
Ni10,7.755000000000001,0.0288384
Ni10,7.821,0.028917733333333334
Ni10,7.8870000000000005,0.028678
Ni10,7.953,0.028304133333333332
Ni10,8.019,0.027849733333333335
Ni10,8.085,0.027144
Ni10,8.151,0.02645986666666667
Ni10,8.217,0.025473866666666668
Ni10,8.283000000000001,0.024497333333333333
Ni10,8.349,0.023343333333333334
Ni10,8.415,0.022211466666666665
Ni10,8.481000000000002,0.020845333333333334
Ni10,8.547,0.019553733333333333
Ni10,8.613,0.018220666666666666
Ni10,8.679,0.016876533333333332
Ni10,8.745000000000001,0.015442266666666666
Ni10,8.811,0.013967733333333333
Ni10,8.877,0.0127988
Ni10,8.943000000000001,0.011465866666666666
Ni10,9.009,0.010259066666666667
Ni10,9.075,0.009059866666666666
Ni10,9.141000000000002,0.007950666666666667
Ni10,9.207,0.006949066666666667
Ni10,9.273,0.006064666666666667
Ni10,9.339,0.005201733333333333
Ni10,9.405000000000001,0.004435866666666666
Ni10,9.471,0.0037208
Ni10,9.537,0.003141866666666667
Ni10,9.603000000000002,0.0026349333333333335
Ni10,9.669,0.002158133333333333
Ni10,9.735,0.0017796
Ni10,9.801,0.0014213333333333333
Ni10,9.867,0.0011402666666666668
Ni10,9.933,0.0009204
Ni10,9.999,0.0007365333333333333
Ni10,10.065000000000001,0.0005766666666666666
Ni10,10.131,0.00045946666666666665
Ni10,10.197,0.00034773333333333335
Ni10,10.263000000000002,0.0002758666666666667
Ni10,10.329,0.00019773333333333333
Ni10,10.395,0.00015026666666666667
Ni10,10.461,0.00010866666666666666
Ni10,10.527000000000001,7.693333333333334e-05
Ni10,10.593,5.76e-05
Ni10,10.659,4.04e-05
Ni10,10.725000000000001,2.6666666666666667e-05
Ni10,10.791,1.9066666666666668e-05
Ni10,10.857,1.2266666666666667e-05
Ni10,10.923000000000002,7.733333333333333e-06
Ni10,10.989,4.666666666666666e-06
Ni10,11.055,4.4e-06
Ni10,11.121,1.8666666666666667e-06
Ni10,11.187000000000001,1.7333333333333334e-06
Ni10,11.253,9.333333333333333e-07
Ni10,11.319,5.333333333333333e-07
Ni10,11.385000000000002,2.6666666666666667e-07
Ni10,11.451,1.3333333333333334e-07
Ni10,11.517,1.3333333333333334e-07
Ir10,0.033,8.078571428571428e-05
Ir10,0.099,2.0285714285714286e-05
Ir10,0.165,1.3428571428571429e-05
Ir10,0.231,9.428571428571428e-06
Ir10,0.29700000000000004,1.1214285714285714e-05
Ir10,0.363,1.2214285714285715e-05
Ir10,0.42900000000000005,1.2571428571428572e-05
Ir10,0.495,1.2428571428571428e-05
Ir10,0.561,1.55e-05
Ir10,0.627,1.9214285714285716e-05
Ir10,0.6930000000000001,1.6857142857142858e-05
Ir10,0.759,2.2642857142857143e-05
Ir10,0.8250000000000001,2.55e-05
Ir10,0.891,2.5285714285714285e-05
Ir10,0.9570000000000001,3.4142857142857145e-05
Ir10,1.0230000000000001,3.65e-05
Ir10,1.089,3.757142857142857e-05
Ir10,1.1550000000000002,4.564285714285714e-05
Ir10,1.221,4.9071428571428574e-05
Ir10,1.287,5.9e-05
Ir10,1.3530000000000002,6.635714285714285e-05
Ir10,1.419,6.664285714285714e-05
Ir10,1.4849999999999999,8.878571428571429e-05
Ir10,1.5510000000000002,8.728571428571429e-05
Ir10,1.617,0.00010764285714285715
Ir10,1.6830000000000003,0.0001175
Ir10,1.749,0.00014021428571428572
Ir10,1.815,0.00015035714285714286
Ir10,1.8810000000000002,0.00017464285714285715
Ir10,1.947,0.00018964285714285714
Ir10,2.013,0.00021914285714285715
Ir10,2.079,0.00023414285714285713
Ir10,2.145,0.0002752857142857143
Ir10,2.2110000000000003,0.00029414285714285713
Ir10,2.277,0.0003479285714285714
Ir10,2.343,0.0003727857142857143
Ir10,2.4090000000000003,0.00043721428571428573
Ir10,2.475,0.0004750714285714286
Ir10,2.5410000000000004,0.0005313571428571429
Ir10,2.607,0.000607
Ir10,2.673,0.0006634285714285714
Ir10,2.739,0.0007627857142857143
Ir10,2.805,0.0008455
Ir10,2.871,0.0009552142857142857
Ir10,2.9370000000000003,0.001054642857142857
Ir10,3.003,0.001180357142857143
Ir10,3.069,0.001316
Ir10,3.1350000000000002,0.0014430714285714285
Ir10,3.201,0.0016227142857142857
Ir10,3.2670000000000003,0.0018005714285714285
Ir10,3.333,0.001982285714285714
Ir10,3.399,0.0022109285714285716
Ir10,3.4650000000000003,0.0024477142857142857
Ir10,3.531,0.002679142857142857
Ir10,3.5970000000000004,0.002973
Ir10,3.6630000000000003,0.0032544285714285713
Ir10,3.729,0.003563142857142857
Ir10,3.795,0.003931714285714286
Ir10,3.861,0.004296071428571429
Ir10,3.927,0.004668428571428572
Ir10,3.993,0.005097571428571429
Ir10,4.059,0.005549071428571428
Ir10,4.125,0.006002785714285714
Ir10,4.191000000000001,0.0065265714285714285
Ir10,4.257,0.007040142857142857
Ir10,4.323,0.007584142857142857
Ir10,4.389,0.008181785714285714
Ir10,4.455,0.008773785714285715
Ir10,4.521000000000001,0.009403928571428572
Ir10,4.587,0.010032642857142856
Ir10,4.6530000000000005,0.010724571428571429
Ir10,4.719,0.011417642857142857
Ir10,4.785,0.012102857142857143
Ir10,4.851000000000001,0.012811214285714285
Ir10,4.917,0.013564785714285715
Ir10,4.9830000000000005,0.014265357142857142
Ir10,5.0489999999999995,0.015024785714285714
Ir10,5.115,0.015737142857142856
Ir10,5.181000000000001,0.01645007142857143
Ir10,5.247,0.017163071428571427
Ir10,5.313000000000001,0.01789685714285714
Ir10,5.379,0.018531785714285716
Ir10,5.445,0.019171
Ir10,5.511000000000001,0.019818142857142857
Ir10,5.577,0.020307357142857144
Ir10,5.643000000000001,0.02088692857142857
Ir10,5.709,0.021379785714285716
Ir10,5.775,0.021795071428571428
Ir10,5.841,0.022135785714285715
Ir10,5.907,0.022453785714285714
Ir10,5.973000000000001,0.0226795
Ir10,6.039,0.022864714285714287
Ir10,6.105,0.02299292857142857
Ir10,6.171,0.02300057142857143
Ir10,6.237,0.022931285714285713
Ir10,6.303000000000001,0.02279535714285714
Ir10,6.369,0.022638357142857144
Ir10,6.4350000000000005,0.022303214285714287
Ir10,6.501,0.02198857142857143
Ir10,6.567,0.02155764285714286
Ir10,6.633000000000001,0.021083571428571427
Ir10,6.699,0.020499857142857143
Ir10,6.765000000000001,0.01989842857142857
Ir10,6.831,0.019191214285714287
Ir10,6.897,0.01847707142857143
Ir10,6.963000000000001,0.017684571428571428
Ir10,7.029,0.016833928571428573
Ir10,7.095000000000001,0.015984142857142856
Ir10,7.161,0.015105928571428572
Ir10,7.227,0.014204357142857144
Ir10,7.293000000000001,0.013274
Ir10,7.359,0.012376357142857142
Ir10,7.425000000000001,0.01146907142857143
Ir10,7.491,0.010569642857142857
Ir10,7.557,0.009676642857142858
Ir10,7.623000000000001,0.008846928571428572
Ir10,7.689,0.008017571428571428
Ir10,7.755000000000001,0.007219714285714286
Ir10,7.821,0.006489785714285714
Ir10,7.8870000000000005,0.005768
Ir10,7.953,0.005118357142857143
Ir10,8.019,0.004492142857142857
Ir10,8.085,0.003937571428571428
Ir10,8.151,0.0034260714285714285
Ir10,8.217,0.0029539285714285713
Ir10,8.283000000000001,0.0025312142857142855
Ir10,8.349,0.0021607142857142858
Ir10,8.415,0.0018217857142857144
Ir10,8.481000000000002,0.0015370714285714287
Ir10,8.547,0.0012792857142857144
Ir10,8.613,0.0010537142857142856
Ir10,8.679,0.0008634285714285714
Ir10,8.745000000000001,0.0007058571428571428
Ir10,8.811,0.0005763571428571429
Ir10,8.877,0.0004675
Ir10,8.943000000000001,0.00037028571428571427
Ir10,9.009,0.00029992857142857143
Ir10,9.075,0.0002367142857142857
Ir10,9.141000000000002,0.00018285714285714286
Ir10,9.207,0.0001427142857142857
Ir10,9.273,0.000106
Ir10,9.339,8.142857142857143e-05
Ir10,9.405000000000001,5.928571428571429e-05
Ir10,9.471,4.278571428571429e-05
Ir10,9.537,3.307142857142857e-05
Ir10,9.603000000000002,2.2928571428571427e-05
Ir10,9.669,1.657142857142857e-05
Ir10,9.735,1.0571428571428572e-05
Ir10,9.801,7.928571428571429e-06
Ir10,9.867,4.428571428571428e-06
Ir10,9.933,3.2142857142857143e-06
Ir10,9.999,2.9285714285714287e-06
Ir10,10.065000000000001,1.7142857142857143e-06
Ir10,10.131,1.1428571428571428e-06
Ir10,10.197,7.142857142857143e-07
Ir10,10.263000000000002,3.5714285714285716e-07
Ir10,10.329,1.4285714285714285e-07
Ir10,10.395,7.142857142857142e-08
Ir10,10.461,1.4285714285714285e-07
Ir10,10.527000000000001,7.142857142857142e-08
Cu10,0.033,0.015965151515151516
Cu10,0.099,0.0012902424242424242
Cu10,0.165,0.0008547272727272727
Cu10,0.231,0.0008463636363636364
Cu10,0.29700000000000004,0.000882060606060606
Cu10,0.363,0.0009543636363636363
Cu10,0.42900000000000005,0.0010146060606060607
Cu10,0.495,0.0011180606060606061
Cu10,0.561,0.0011426060606060605
Cu10,0.627,0.0012921212121212121
Cu10,0.6930000000000001,0.0013236363636363636
Cu10,0.759,0.001488969696969697
Cu10,0.8250000000000001,0.0015324242424242425
Cu10,0.891,0.0017127272727272727
Cu10,0.9570000000000001,0.0017658181818181818
Cu10,1.0230000000000001,0.0019437575757575757
Cu10,1.089,0.002071272727272727
Cu10,1.1550000000000002,0.002226060606060606
Cu10,1.221,0.002436060606060606
Cu10,1.287,0.0025157575757575757
Cu10,1.3530000000000002,0.002747090909090909
Cu10,1.419,0.0029824242424242426
Cu10,1.4849999999999999,0.003118787878787879
Cu10,1.5510000000000002,0.0033904242424242425
Cu10,1.617,0.0036841818181818182
Cu10,1.6830000000000003,0.0038321818181818183
Cu10,1.749,0.004139030303030303
Cu10,1.815,0.004413454545454545
Cu10,1.8810000000000002,0.004781333333333334
Cu10,1.947,0.005003818181818182
Cu10,2.013,0.005393393939393939
Cu10,2.079,0.005805757575757576
Cu10,2.145,0.00618860606060606
Cu10,2.2110000000000003,0.006577393939393939
Cu10,2.277,0.006954060606060606
Cu10,2.343,0.007394909090909091
Cu10,2.4090000000000003,0.007844545454545455
Cu10,2.475,0.008321454545454545
Cu10,2.5410000000000004,0.008794121212121211
Cu10,2.607,0.009286181818181818
Cu10,2.673,0.009803151515151515
Cu10,2.739,0.010328787878787878
Cu10,2.805,0.010881636363636364
Cu10,2.871,0.01141830303030303
Cu10,2.9370000000000003,0.011969878787878788
Cu10,3.003,0.012517212121212122
Cu10,3.069,0.013109636363636363
Cu10,3.1350000000000002,0.013681333333333334
Cu10,3.201,0.014261333333333334
Cu10,3.2670000000000003,0.014820848484848485
Cu10,3.333,0.015393818181818182
Cu10,3.399,0.015929030303030303
Cu10,3.4650000000000003,0.016479272727272728
Cu10,3.531,0.017020545454545455
Cu10,3.5970000000000004,0.01752981818181818
Cu10,3.6630000000000003,0.018007757575757576
Cu10,3.729,0.01844630303030303
Cu10,3.795,0.018886969696969697
Cu10,3.861,0.019276666666666668
Cu10,3.927,0.019589393939393938
Cu10,3.993,0.019885090909090908
Cu10,4.059,0.02016072727272727
Cu10,4.125,0.02035260606060606
Cu10,4.191000000000001,0.020507757575757575
Cu10,4.257,0.02059987878787879
Cu10,4.323,0.020615818181818183
Cu10,4.389,0.020601575757575756
Cu10,4.455,0.020509757575757577
Cu10,4.521000000000001,0.020410181818181817
Cu10,4.587,0.020194
Cu10,4.6530000000000005,0.01987957575757576
Cu10,4.719,0.019583575757575758
Cu10,4.785,0.01914830303030303
Cu10,4.851000000000001,0.01872230303030303
Cu10,4.917,0.018229939393939396
Cu10,4.9830000000000005,0.01765048484848485
Cu10,5.0489999999999995,0.01706539393939394
Cu10,5.115,0.016435818181818183
Cu10,5.181000000000001,0.015738848484848484
Cu10,5.247,0.01504569696969697
Cu10,5.313000000000001,0.014319333333333333
Cu10,5.379,0.013549878787878788
Cu10,5.445,0.012798545454545455
Cu10,5.511000000000001,0.011982484848484848
Cu10,5.577,0.011234242424242424
Cu10,5.643000000000001,0.010466242424242425
Cu10,5.709,0.009698060606060606
Cu10,5.775,0.008930121212121212
Cu10,5.841,0.00822690909090909
Cu10,5.907,0.007499090909090909
Cu10,5.973000000000001,0.0068281212121212125
Cu10,6.039,0.006186545454545454
Cu10,6.105,0.005544787878787879
Cu10,6.171,0.004989575757575758
Cu10,6.237,0.00444939393939394
Cu10,6.303000000000001,0.00395369696969697
Cu10,6.369,0.0034826060606060606
Cu10,6.4350000000000005,0.003057212121212121
Cu10,6.501,0.0026748484848484848
Cu10,6.567,0.002307939393939394
Cu10,6.633000000000001,0.0019956363636363635
Cu10,6.699,0.001711939393939394
Cu10,6.765000000000001,0.0014599393939393939
Cu10,6.831,0.0012276363636363637
Cu10,6.897,0.0010355151515151514
Cu10,6.963000000000001,0.0008736969696969697
Cu10,7.029,0.0007330303030303031
Cu10,7.095000000000001,0.000599939393939394
Cu10,7.161,0.0004986666666666667
Cu10,7.227,0.0004158787878787879
Cu10,7.293000000000001,0.0003373333333333333
Cu10,7.359,0.00027084848484848484
Cu10,7.425000000000001,0.00022315151515151516
Cu10,7.491,0.00016824242424242424
Cu10,7.557,0.0001352121212121212
Cu10,7.623000000000001,0.00010466666666666667
Cu10,7.689,7.896969696969697e-05
Cu10,7.755000000000001,6.303030303030302e-05
Cu10,7.821,4.563636363636364e-05
Cu10,7.8870000000000005,3.503030303030303e-05
Cu10,7.953,2.593939393939394e-05
Cu10,8.019,1.8e-05
Cu10,8.085,1.2121212121212122e-05
Cu10,8.151,9.636363636363636e-06
Cu10,8.217,6.303030303030303e-06
Cu10,8.283000000000001,4.424242424242424e-06
Cu10,8.349,3.939393939393939e-06
Cu10,8.415,2.3636363636363636e-06
Cu10,8.481000000000002,1.9393939393939395e-06
Cu10,8.547,9.09090909090909e-07
Cu10,8.613,6.060606060606061e-07
Cu10,8.679,5.454545454545455e-07
Cu10,8.745000000000001,1.8181818181818183e-07
Cu10,8.811,1.2121212121212122e-07
Cu10,8.877,1.2121212121212122e-07
Cu10,8.943000000000001,1.2121212121212122e-07
SS02,0.033,0.7886853663366337
SS02,0.099,0.005431623762376238
SS02,0.165,0.003214653465346535
SS02,0.231,0.0021344356435643564
SS02,0.29700000000000004,0.0020523960396039605
SS02,0.363,0.0020694653465346533
SS02,0.42900000000000005,0.002146792079207921
SS02,0.495,0.0022413069306930693
SS02,0.561,0.0023165148514851484
SS02,0.627,0.0024127722772277226
SS02,0.6930000000000001,0.0025336435643564356
SS02,0.759,0.0026473465346534652
SS02,0.8250000000000001,0.002721049504950495
SS02,0.891,0.0028345148514851487
SS02,0.9570000000000001,0.0029352079207920793
SS02,1.0230000000000001,0.0030043564356435643
SS02,1.089,0.003102019801980198
SS02,1.1550000000000002,0.00319380198019802
SS02,1.221,0.003246752475247525
SS02,1.287,0.0033335049504950496
SS02,1.3530000000000002,0.0034045544554455447
SS02,1.419,0.003455089108910891
SS02,1.4849999999999999,0.0035198415841584158
SS02,1.5510000000000002,0.003556851485148515
SS02,1.617,0.0036404158415841584
SS02,1.6830000000000003,0.0036444158415841585
SS02,1.749,0.003707029702970297
SS02,1.815,0.0037325148514851486
SS02,1.8810000000000002,0.003762851485148515
SS02,1.947,0.003795821782178218
SS02,2.013,0.0037999405940594057
SS02,2.079,0.0038314851485148514
SS02,2.145,0.003819128712871287
SS02,2.2110000000000003,0.003835089108910891
SS02,2.277,0.003827980198019802
SS02,2.343,0.0038154059405940592
SS02,2.4090000000000003,0.003815881188118812
SS02,2.475,0.0037715643564356434
SS02,2.5410000000000004,0.0037773861386138615
SS02,2.607,0.0037244752475247525
SS02,2.673,0.0037092871287128714
SS02,2.739,0.0036534653465346537
SS02,2.805,0.003604811881188119
SS02,2.871,0.003555821782178218
SS02,2.9370000000000003,0.003483782178217822
SS02,3.003,0.003435168316831683
SS02,3.069,0.0033641188118811883
SS02,3.1350000000000002,0.0032756633663366336
SS02,3.201,0.0032044752475247525
SS02,3.2670000000000003,0.003121227722772277
SS02,3.333,0.0030294653465346533
SS02,3.399,0.002935247524752475
SS02,3.4650000000000003,0.0028392673267326734
SS02,3.531,0.002735960396039604
SS02,3.5970000000000004,0.002639960396039604
SS02,3.6630000000000003,0.002526930693069307
SS02,3.729,0.002416019801980198
SS02,3.795,0.002315029702970297
SS02,3.861,0.0021968712871287127
SS02,3.927,0.002089029702970297
SS02,3.993,0.0019685940594059404
SS02,4.059,0.0018693069306930693
SS02,4.125,0.0017554059405940595
SS02,4.191000000000001,0.0016452079207920792
SS02,4.257,0.001534039603960396
SS02,4.323,0.0014400990099009902
SS02,4.389,0.0013287524752475248
SS02,4.455,0.0012328514851485148
SS02,4.521000000000001,0.001133049504950495
SS02,4.587,0.001041940594059406
SS02,4.6530000000000005,0.000955029702970297
SS02,4.719,0.0008702772277227723
SS02,4.785,0.0007921782178217821
SS02,4.851000000000001,0.0007157623762376237
SS02,4.917,0.0006428316831683168
SS02,4.9830000000000005,0.0005758217821782178
SS02,5.0489999999999995,0.0005174059405940594
SS02,5.115,0.0004606138613861386
SS02,5.181000000000001,0.00040803960396039603
SS02,5.247,0.0003575049504950495
SS02,5.313000000000001,0.0003153861386138614
SS02,5.379,0.0002747524752475247
SS02,5.445,0.00023603960396039605
SS02,5.511000000000001,0.00020493069306930692
SS02,5.577,0.00017752475247524753
SS02,5.643000000000001,0.00015312871287128714
SS02,5.709,0.0001296039603960396
SS02,5.775,0.00011152475247524753
SS02,5.841,9.433663366336634e-05
SS02,5.907,8.003960396039604e-05
SS02,5.973000000000001,6.772277227722772e-05
SS02,6.039,5.6e-05
SS02,6.105,4.679207920792079e-05
SS02,6.171,3.82970297029703e-05
SS02,6.237,2.988118811881188e-05
SS02,6.303000000000001,2.5386138613861387e-05
SS02,6.369,2.003960396039604e-05
SS02,6.4350000000000005,1.5485148514851484e-05
SS02,6.501,1.203960396039604e-05
SS02,6.567,9.584158415841585e-06
SS02,6.633000000000001,7.643564356435644e-06
SS02,6.699,6.158415841584158e-06
SS02,6.765000000000001,4.415841584158416e-06
SS02,6.831,3.188118811881188e-06
SS02,6.897,2.1386138613861385e-06
SS02,6.963000000000001,1.683168316831683e-06
SS02,7.029,1.306930693069307e-06
SS02,7.095000000000001,9.108910891089109e-07
SS02,7.161,7.128712871287129e-07
SS02,7.227,6.138613861386138e-07
SS02,7.293000000000001,3.7623762376237623e-07
SS02,7.359,2.9702970297029703e-07
SS02,7.425000000000001,1.5841584158415843e-07
SS02,7.491,9.900990099009901e-08
SS02,7.557,9.900990099009901e-08
SS02,7.623000000000001,3.960396039603961e-08
SS02,7.689,1.9801980198019804e-08
SS02,7.755000000000001,1.9801980198019804e-08
SS02,7.821,1.9801980198019804e-08
