Isotope,Energy,Intensity,unc_intensity,Half life (s),Half life (m),half life (h),half life (d)
57CO,14.4129,9.16,0.15,23478340.0,391305.6666666667,6521.761111111111,271.74004629629627
CO-58m,24.889,0.0397,0.0006,32760.0,546.0,9.1,0.37916666666666665
56CR,26.0,44.6,0.5,356.4,5.9399999999999995,0.09899999999999999,0.004124999999999999
49CR,62.289,16.4,0.6,2538.0,42.3,0.705,0.029375
61CO,67.412,84.7,4.235,5940.0,99.0,1.65,0.06875
56CR,83.0,95.3,1.0,356.4,5.9399999999999995,0.09899999999999999,0.004124999999999999
49CR,90.639,53.2,1.9,2538.0,42.3,0.705,0.029375
55CO,91.9,1.16,0.09,63108.0,1051.8,17.53,0.7304166666666667
48CR,112.31,96.0,2.0,77616.0,1293.6,21.56,0.8983333333333333
57CO,122.06065,85.6,0.17,23478340.0,391305.6666666667,6521.761111111111,271.74004629629627
55FE,126.0,1.28e-07,2e-09,86594050.0,1443234.1666666667,24053.902777777777,1002.245949074074
55CR,126.0,0.0017,0.0003,209.82,3.497,0.05828333333333333,0.002428472222222222
49CR,133.8,3.14e-07,1.5e-08,2538.0,42.3,0.705,0.029375
57CO,136.47356,10.68,0.08,23478340.0,391305.6666666667,6521.761111111111,271.74004629629627
59FE,142.651,1.02,0.04,3844368.0,64072.8,1067.88,44.495
49CR,152.928,30.3,1.1,2538.0,42.3,0.705,0.029375
47V,159.8,0.107,0.006,1956.0,32.6,0.5433333333333333,0.02263888888888889
59FE,189.0,0.0009,0.0009,3844368.0,64072.8,1067.88,44.495
59FE,192.343,3.08,0.12,3844368.0,64072.8,1067.88,44.495
MN-52g,200.58,0.076,0.0021,483062.4,8051.04,134.184,5.591
57CO,230.4,0.0004,0.0004,23478340.0,391305.6666666667,6521.761111111111,271.74004629629627
47V,244.4,0.094,0.005,1956.0,32.6,0.5433333333333333,0.02263888888888889
56CO,263.434,0.022,0.0003,6672931.0,111215.51666666666,1853.5919444444444,77.23299768518518
48CR,308.24,100.0,5.0,77616.0,1293.6,21.56,0.8983333333333333
51CR,320.0824,9.91,0.01,2393366.0,39889.433333333334,664.8238888888889,27.70099537037037
59FE,334.8,0.27,0.011,3844368.0,64072.8,1067.88,44.495
57CO,339.69,0.0037,0.0003,23478340.0,391305.6666666667,6521.761111111111,271.74004629629627
MN-52g,346.02,0.98,0.014,483062.4,8051.04,134.184,5.591
60CO,347.14,0.0075,0.0004,166344200.0,2772403.3333333335,46206.72222222222,1925.2800925925926
57CO,352.33,0.003,0.0003,23478340.0,391305.6666666667,6521.761111111111,271.74004629629627
57CO,366.8,0.0012,0.0003,23478340.0,391305.6666666667,6521.761111111111,271.74004629629627
MN-52m,377.738,1.68,0.03,1266.0,21.1,0.3516666666666667,0.014652777777777778
FE-53g,377.9,42.0,2.1,510.6,8.51,0.14183333333333334,0.0059097222222222225
59FE,382.0,0.018,0.003,3844368.0,64072.8,1067.88,44.495
55CO,385.4,0.54,0.05,63108.0,1051.8,17.53,0.7304166666666667
52V,398.08,0.008,0.001,224.58,3.7430000000000003,0.06238333333333334,0.0025993055555555557
MN-52g,398.09,0.089,0.007,483062.4,8051.04,134.184,5.591
MN-52g,399.57,0.183,0.007,483062.4,8051.04,134.184,5.591
56CO,411.145,0.024,0.003,6672931.0,111215.51666666666,1853.5919444444444,77.23299768518518
55CO,411.5,1.07,0.08,63108.0,1051.8,17.53,0.7304166666666667
48CR,420.5,0.015,0.015,77616.0,1293.6,21.56,0.8983333333333333
55CO,477.2,20.2,1.7,63108.0,1051.8,17.53,0.7304166666666667
56CO,486.55,0.054,0.002,6672931.0,111215.51666666666,1853.5919444444444,77.23299768518518
MN-52g,502.06,0.21,0.02,483062.4,8051.04,134.184,5.591
FE-53g,511.0,194.0,23.0,510.6,8.51,0.14183333333333334,0.0059097222222222225
54MN,511.0,6e-07,6e-07,26961120.0,449352.0,7489.2,312.05
MN-52m,511.0,193.1,1.0,1266.0,21.1,0.3516666666666667,0.014652777777777778
MN-52g,511.0,58.8,0.8,483062.4,8051.04,134.184,5.591
51MN,511.0,194.18,0.06,2772.0,46.2,0.77,0.03208333333333333
49CR,511.0,186.0,5.0,2538.0,42.3,0.705,0.029375
48CR,511.0,3.2,0.5,77616.0,1293.6,21.56,0.8983333333333333
CO-58g,511.0,29.8,0.4,6122304.0,102038.4,1700.64,70.86
47V,511.0,193.09,0.06,1956.0,32.6,0.5433333333333333,0.02263888888888889
48V,511.0,99.8,0.8,1380110.0,23001.833333333332,383.3638888888889,15.97349537037037
56CO,511.0,39.0,3.0,6672931.0,111215.51666666666,1853.5919444444444,77.23299768518518
55CO,511.0,152.0,7.0,63108.0,1051.8,17.53,0.7304166666666667
55CO,520.0,0.83,0.08,63108.0,1051.8,17.53,0.7304166666666667
57CO,570.09,0.0158,0.001,23478340.0,391305.6666666667,6521.761111111111,271.74004629629627
49CR,595.3,0.00013,0.00013,2538.0,42.3,0.705,0.029375
MN-52g,600.16,0.39,0.011,483062.4,8051.04,134.184,5.591
51MN,603.8,0.015,0.005,2772.0,46.2,0.77,0.03208333333333333
MN-52g,647.47,0.4,0.02,483062.4,8051.04,134.184,5.591
52V,647.47,0.024,0.002,224.58,3.7430000000000003,0.06238333333333334,0.0025993055555555557
56CO,655.003,0.043,0.004,6672931.0,111215.51666666666,1853.5919444444444,77.23299768518518
49CR,657.5,0.00013,0.00013,2538.0,42.3,0.705,0.029375
56CO,674.57,0.024,0.003,6672931.0,111215.51666666666,1853.5919444444444,77.23299768518518
57CO,692.41,0.149,0.01,23478340.0,391305.6666666667,6521.761111111111,271.74004629629627
FE-53m,701.1,100.0,5.0,152.4,2.54,0.042333333333333334,0.001763888888888889
52V,704.6,0.0018,0.0009,224.58,3.7430000000000003,0.06238333333333334,0.0025993055555555557
MN-52m,704.6,0.028,0.009,1266.0,21.1,0.3516666666666667,0.014652777777777778
57CO,706.54,0.005,0.0005,23478340.0,391305.6666666667,6521.761111111111,271.74004629629627
56CO,733.514,0.191,0.003,6672931.0,111215.51666666666,1853.5919444444444,77.23299768518518
MN-52g,744.233,90.0,1.2,483062.4,8051.04,134.184,5.591
51MN,749.07,0.265,0.01325,2772.0,46.2,0.77,0.03208333333333333
56CO,787.743,0.311,0.003,6672931.0,111215.51666666666,1853.5919444444444,77.23299768518518
48V,802.9,0.136,0.012,1380110.0,23001.833333333332,383.3638888888889,15.97349537037037
55CO,803.7,1.87,0.15,63108.0,1051.8,17.53,0.7304166666666667
51MN,808.19,0.0148,0.0024,2772.0,46.2,0.77,0.03208333333333333
CO-58g,810.7593,99.45,4.9725,6122304.0,102038.4,1700.64,70.86
60CO,826.1,0.0076,0.0008,166344200.0,2772403.3333333335,46206.72222222222,1925.2800925925926
55CO,827.0,0.21,0.06,63108.0,1051.8,17.53,0.7304166666666667
54MN,834.848,99.976,0.001,26961120.0,449352.0,7489.2,312.05
56MN,846.7638,98.85,4.9425,9284.04,154.734,2.5789000000000004,0.10745416666666667
56CO,846.77,99.9399,4.996995,6672931.0,111215.51666666666,1853.5919444444444,77.23299768518518
MN-52g,848.18,3.32,0.04,483062.4,8051.04,134.184,5.591
61CO,850.0,0.79,0.07,5940.0,99.0,1.65,0.06875
56CO,852.732,0.049,0.003,6672931.0,111215.51666666666,1853.5919444444444,77.23299768518518
CO-58g,863.951,0.686,0.01,6122304.0,102038.4,1700.64,70.86
56CO,896.51,0.073,0.003,6672931.0,111215.51666666666,1853.5919444444444,77.23299768518518
MN-52g,901.89,0.044,0.004,483062.4,8051.04,134.184,5.591
61CO,917.5,3.6,0.3,5940.0,99.0,1.65,0.06875
48V,928.327,0.783,0.003,1380110.0,23001.833333333332,383.3638888888889,15.97349537037037
55CO,931.1,75.0,3.75,63108.0,1051.8,17.53,0.7304166666666667
MN-52m,935.52,0.02,0.01,1266.0,21.1,0.3516666666666667,0.014652777777777778
52V,935.52,0.061,0.003,224.58,3.7430000000000003,0.06238333333333334,0.0025993055555555557
MN-52g,935.544,94.5,1.3,483062.4,8051.04,134.184,5.591
48V,938.0,0.00071,0.00015,1380110.0,23001.833333333332,383.3638888888889,15.97349537037037
48V,944.13,7.87,0.007,1380110.0,23001.833333333332,383.3638888888889,15.97349537037037
56CO,977.372,1.421,0.006,6672931.0,111215.51666666666,1853.5919444444444,77.23299768518518
48V,983.525,99.98,0.04,1380110.0,23001.833333333332,383.3638888888889,15.97349537037037
55CO,984.6,0.52,0.1,63108.0,1051.8,17.53,0.7304166666666667
56CO,996.948,0.111,0.004,6672931.0,111215.51666666666,1853.5919444444444,77.23299768518518
FE-53m,1011.5,86.0,11.0,152.4,2.54,0.042333333333333334,0.001763888888888889
49CR,1021.3,0.0005,0.0005,2538.0,42.3,0.705,0.029375
49CR,1027.8,0.00013,3e-05,2538.0,42.3,0.705,0.029375
56MN,1037.8333,0.04,0.005,9284.04,154.734,2.5789000000000004,0.10745416666666667
56CO,1037.843,14.05,0.04,6672931.0,111215.51666666666,1853.5919444444444,77.23299768518518
52V,1045.72,0.005,0.005,224.58,3.7430000000000003,0.06238333333333334,0.0025993055555555557
MN-52g,1045.75,0.07,0.02,483062.4,8051.04,134.184,5.591
48V,1063.9,0.005,0.001,1380110.0,23001.833333333332,383.3638888888889,15.97349537037037
49CR,1064.63,2.7e-05,5e-06,2538.0,42.3,0.705,0.029375
56CO,1088.894,0.055,0.004,6672931.0,111215.51666666666,1853.5919444444444,77.23299768518518
59FE,1099.245,56.5,1.8,3844368.0,64072.8,1067.88,44.495
56CO,1140.368,0.132,0.003,6672931.0,111215.51666666666,1853.5919444444444,77.23299768518518
51MN,1148.0,0.078,0.004,2772.0,46.2,0.77,0.03208333333333333
49CR,1155.33,8e-05,2.1e-05,2538.0,42.3,0.705,0.029375
56CO,1159.944,0.094,0.006,6672931.0,111215.51666666666,1853.5919444444444,77.23299768518518
51MN,1164.4,0.076,0.004,2772.0,46.2,0.77,0.03208333333333333
60CO,1173.228,99.85,0.03,166344200.0,2772403.3333333335,46206.72222222222,1925.2800925925926
56CO,1175.101,2.252,0.006,6672931.0,111215.51666666666,1853.5919444444444,77.23299768518518
56CO,1198.888,0.049,0.005,6672931.0,111215.51666666666,1853.5919444444444,77.23299768518518
55CO,1212.8,0.26,0.03,63108.0,1051.8,17.53,0.7304166666666667
56MN,1238.2736,0.04,0.004,9284.04,154.734,2.5789000000000004,0.10745416666666667
56CO,1238.288,66.46,0.12,6672931.0,111215.51666666666,1853.5919444444444,77.23299768518518
47V,1243.5,0.0025,0.0006,1956.0,32.6,0.5433333333333333,0.02263888888888889
MN-52g,1246.278,4.21,0.07,483062.4,8051.04,134.184,5.591
MN-52g,1247.88,0.38,0.04,483062.4,8051.04,134.184,5.591
56CO,1271.92,0.02,0.0007,6672931.0,111215.51666666666,1853.5919444444444,77.23299768518518
FE-53g,1288.0,0.04,0.04,510.6,8.51,0.14183333333333334,0.0059097222222222225
59FE,1291.59,43.2,1.4,3844368.0,64072.8,1067.88,44.495
48V,1312.106,98.2,0.3,1380110.0,23001.833333333332,383.3638888888889,15.97349537037037
55CO,1316.6,7.1,0.3,63108.0,1051.8,17.53,0.7304166666666667
FE-53m,1328.1,87.0,11.0,152.4,2.54,0.042333333333333334,0.001763888888888889
60CO,1332.492,99.9826,0.0006,166344200.0,2772403.3333333335,46206.72222222222,1925.2800925925926
MN-52m,1332.62,0.029,0.01,1266.0,21.1,0.3516666666666667,0.014652777777777778
52V,1333.62,0.588,0.012,224.58,3.7430000000000003,0.06238333333333334,0.0025993055555555557
MN-52g,1333.649,5.07,0.07,483062.4,8051.04,134.184,5.591
56CO,1335.4,0.1224,0.0012,6672931.0,111215.51666666666,1853.5919444444444,77.23299768518518
51MN,1353.9,0.008,0.0013,2772.0,46.2,0.77,0.03208333333333333
56CO,1360.212,4.283,0.012,6672931.0,111215.51666666666,1853.5919444444444,77.23299768518518
49CR,1361.61,0.045,0.005,2538.0,42.3,0.705,0.029375
55CO,1370.0,2.9,0.3,63108.0,1051.8,17.53,0.7304166666666667
47V,1390.4,0.079,0.003,1956.0,32.6,0.5433333333333333,0.02263888888888889
FE-53g,1397.6,0.008,0.004,510.6,8.51,0.14183333333333334,0.0059097222222222225
55CR,1402.0,0.00133,0.00021,209.82,3.497,0.05828333333333333,0.002428472222222222
55CO,1408.5,16.9,0.8,63108.0,1051.8,17.53,0.7304166666666667
49CR,1423.3,0.01,0.003,2538.0,42.3,0.705,0.029375
52V,1434.06,100.0,1.4,224.58,3.7430000000000003,0.06238333333333334,0.0025993055555555557
MN-52m,1434.06,98.2,0.5,1266.0,21.1,0.3516666666666667,0.014652777777777778
MN-52g,1434.092,100.0,1.4,483062.4,8051.04,134.184,5.591
48V,1437.52,0.12,0.003,1380110.0,23001.833333333332,383.3638888888889,15.97349537037037
56CO,1442.746,0.18,0.004,6672931.0,111215.51666666666,1853.5919444444444,77.23299768518518
56CO,1462.322,0.074,0.004,6672931.0,111215.51666666666,1853.5919444444444,77.23299768518518
59FE,1481.7,0.059,0.006,3844368.0,64072.8,1067.88,44.495
49CR,1508.3,0.008,0.003,2538.0,42.3,0.705,0.029375
49CR,1514.1,0.026,0.003,2538.0,42.3,0.705,0.029375
55CR,1528.0,0.037,0.00185,209.82,3.497,0.05828333333333333,0.002428472222222222
52V,1530.67,0.116,0.0023,224.58,3.7430000000000003,0.06238333333333334,0.0025993055555555557
MN-52m,1530.67,0.0462,0.002,1266.0,21.1,0.3516666666666667,0.014652777777777778
47V,1549.9,0.066,0.003,1956.0,32.6,0.5433333333333333,0.02263888888888889
55CO,1556.0,0.046,0.01,63108.0,1051.8,17.53,0.7304166666666667
51MN,1557.5,0.004,0.0005,2772.0,46.2,0.77,0.03208333333333333
49CR,1570.6,0.02,0.003,2538.0,42.3,0.705,0.029375
FE-53g,1619.9,0.5,0.09,510.6,8.51,0.14183333333333334,0.0059097222222222225
55CO,1622.3,0.045,0.006,63108.0,1051.8,17.53,0.7304166666666667
56CO,1640.475,0.0616,0.0019,6672931.0,111215.51666666666,1853.5919444444444,77.23299768518518
MN-52g,1645.82,0.047,0.003,483062.4,8051.04,134.184,5.591
CO-58g,1674.725,0.517,0.01,6122304.0,102038.4,1700.64,70.86
FE-53m,1712.6,1.3,0.14,152.4,2.54,0.042333333333333334,0.001763888888888889
52V,1727.52,0.007,0.001,224.58,3.7430000000000003,0.06238333333333334,0.0025993055555555557
MN-52m,1727.53,0.216,0.01,1266.0,21.1,0.3516666666666667,0.014652777777777778
56CO,1771.357,15.41,0.06,6672931.0,111215.51666666666,1853.5919444444444,77.23299768518518
55CO,1792.1,0.082,0.013,63108.0,1051.8,17.53,0.7304166666666667
47V,1793.9,0.191,0.00955,1956.0,32.6,0.5433333333333333,0.02263888888888889
56MN,1810.726,26.9,0.4,9284.04,154.734,2.5789000000000004,0.10745416666666667
56CO,1810.757,0.64,0.003,6672931.0,111215.51666666666,1853.5919444444444,77.23299768518518
51MN,1899.41,0.0064,0.0008,2772.0,46.2,0.77,0.03208333333333333
55CO,1940.6,0.014,0.006,63108.0,1051.8,17.53,0.7304166666666667
56CO,1963.741,0.707,0.004,6672931.0,111215.51666666666,1853.5919444444444,77.23299768518518
52V,1981.1,0.005,0.001,224.58,3.7430000000000003,0.06238333333333334,0.0025993055555555557
MN-52g,1981.12,0.034,0.003,483062.4,8051.04,134.184,5.591
51MN,2001.35,0.0371,0.0021,2772.0,46.2,0.77,0.03208333333333333
47V,2003.1,0.0036,0.0004,1956.0,32.6,0.5433333333333333,0.02263888888888889
47V,2007.3,0.0099,0.0007,1956.0,32.6,0.5433333333333333,0.02263888888888889
56CO,2015.215,3.016,0.012,6672931.0,111215.51666666666,1853.5919444444444,77.23299768518518
56CO,2034.791,7.77,0.03,6672931.0,111215.51666666666,1853.5919444444444,77.23299768518518
MN-52m,2038.0,0.0079,0.001,1266.0,21.1,0.3516666666666667,0.014652777777777778
51MN,2079.62,0.0069,0.0006,2772.0,46.2,0.77,0.03208333333333333
49CR,2091.1,0.0004,9e-05,2538.0,42.3,0.705,0.029375
56MN,2113.092,14.2,0.3,9284.04,154.734,2.5789000000000004,0.10745416666666667
56CO,2113.135,0.377,0.003,6672931.0,111215.51666666666,1853.5919444444444,77.23299768518518
49CR,2143.7,0.00092,0.00014,2538.0,42.3,0.705,0.029375
55CO,2144.2,0.09,0.009,63108.0,1051.8,17.53,0.7304166666666667
49CR,2155.7,0.00016,5e-05,2538.0,42.3,0.705,0.029375
60CO,2158.57,0.0012,0.0002,166344200.0,2772403.3333333335,46206.72222222222,1925.2800925925926
47V,2163.0,0.067,0.003,1956.0,32.6,0.5433333333333333,0.02263888888888889
55CO,2177.6,0.29,0.04,63108.0,1051.8,17.53,0.7304166666666667
49CR,2181.6,3.2e-05,2.1e-05,2538.0,42.3,0.705,0.029375
56CO,2212.944,0.388,0.004,6672931.0,111215.51666666666,1853.5919444444444,77.23299768518518
49CR,2218.6,0.00019,6e-05,2538.0,42.3,0.705,0.029375
49CR,2236.2,0.00022,6e-05,2538.0,42.3,0.705,0.029375
48V,2240.396,2.333,0.013,1380110.0,23001.833333333332,383.3638888888889,15.97349537037037
55CR,2240.9,0.00041,0.00012,209.82,3.497,0.05828333333333333,0.002428472222222222
55CR,2252.5,0.0031,0.0004,209.82,3.497,0.05828333333333333,0.002428472222222222
MN-52g,2257.42,0.0027,0.0006,483062.4,8051.04,134.184,5.591
55CR,2268.1,0.00011,4e-05,209.82,3.497,0.05828333333333333,0.002428472222222222
FE-53g,2273.5,0.38,0.05,510.6,8.51,0.14183333333333334,0.0059097222222222225
56CO,2276.131,0.118,0.004,6672931.0,111215.51666666666,1853.5919444444444,77.23299768518518
FE-53g,2307.7,0.013,0.004,510.6,8.51,0.14183333333333334,0.0059097222222222225
49CR,2310.6,0.0001,3e-05,2538.0,42.3,0.705,0.029375
51MN,2312.52,0.013,0.0011,2772.0,46.2,0.77,0.03208333333333333
MN-52m,2337.4,0.0069,0.001,1266.0,21.1,0.3516666666666667,0.014652777777777778
52V,2337.7,0.0015,0.0009,224.58,3.7430000000000003,0.06238333333333334,0.0025993055555555557
FE-53m,2339.7,13.0,2.3,152.4,2.54,0.042333333333333334,0.001763888888888889
47V,2366.3,0.0084,0.0006,1956.0,32.6,0.5433333333333333,0.02263888888888889
55CR,2368.5,0.00018,4e-05,209.82,3.497,0.05828333333333333,0.002428472222222222
56CO,2373.24,0.08,0.004,6672931.0,111215.51666666666,1853.5919444444444,77.23299768518518
48V,2375.2,0.0087,0.0003,1380110.0,23001.833333333332,383.3638888888889,15.97349537037037
48V,2420.94,0.0067,0.0003,1380110.0,23001.833333333332,383.3638888888889,15.97349537037037
60CO,2505.692,2e-06,4e-07,166344200.0,2772403.3333333335,46206.72222222222,1925.2800925925926
56MN,2523.06,1.018,0.02,9284.04,154.734,2.5789000000000004,0.10745416666666667
56CO,2523.09,0.059,0.004,6672931.0,111215.51666666666,1853.5919444444444,77.23299768518518
47V,2525.6,0.0088,0.0005,1956.0,32.6,0.5433333333333333,0.02263888888888889
47V,2548.7,0.0067,0.0004,1956.0,32.6,0.5433333333333333,0.02263888888888889
55CO,2578.7,0.043,0.006,63108.0,1051.8,17.53,0.7304166666666667
56MN,2598.438,0.0198,0.002,9284.04,154.734,2.5789000000000004,0.10745416666666667
56CO,2598.5,16.97,0.04,6672931.0,111215.51666666666,1853.5919444444444,77.23299768518518
56CO,2657.527,0.019,0.0017,6672931.0,111215.51666666666,1853.5919444444444,77.23299768518518
56MN,2657.56,0.645,0.007,9284.04,154.734,2.5789000000000004,0.10745416666666667
FE-53g,2685.6,0.08,0.022,510.6,8.51,0.14183333333333334,0.0059097222222222225
FE-53g,2748.8,0.14,0.04,510.6,8.51,0.14183333333333334,0.0059097222222222225
47V,2793.3,0.00065,0.00012,1956.0,32.6,0.5433333333333333,0.02263888888888889
55CO,2872.4,0.118,0.008,63108.0,1051.8,17.53,0.7304166666666667
55CO,2938.9,0.057,0.01,63108.0,1051.8,17.53,0.7304166666666667
FE-53g,2946.6,0.05,0.017,510.6,8.51,0.14183333333333334,0.0059097222222222225
56MN,2959.92,0.306,0.005,9284.04,154.734,2.5789000000000004,0.10745416666666667
52V,2965.0,0.0005,0.0002,224.58,3.7430000000000003,0.06238333333333334,0.0025993055555555557
MN-52m,2965.0,0.0004,0.0003,1266.0,21.1,0.3516666666666667,0.014652777777777778
56CO,3009.645,1.036,0.013,6672931.0,111215.51666666666,1853.5919444444444,77.23299768518518
FE-53m,3040.6,0.06,0.011,152.4,2.54,0.042333333333333334,0.001763888888888889
55CO,3108.3,0.0053,0.0023,63108.0,1051.8,17.53,0.7304166666666667
MN-52m,3129.0,7e-05,7e-05,1266.0,21.1,0.3516666666666667,0.014652777777777778
52V,3161.7,0.0009,0.0002,224.58,3.7430000000000003,0.06238333333333334,0.0025993055555555557
MN-52m,3161.8,0.022,0.003,1266.0,21.1,0.3516666666666667,0.014652777777777778
56CO,3202.029,3.209,0.012,6672931.0,111215.51666666666,1853.5919444444444,77.23299768518518
FE-53g,3248.8,0.038,0.021,510.6,8.51,0.14183333333333334,0.0059097222222222225
56CO,3253.503,7.923,0.021,6672931.0,111215.51666666666,1853.5919444444444,77.23299768518518
56CO,3273.079,1.8759,0.002,6672931.0,111215.51666666666,1853.5919444444444,77.23299768518518
56MN,3369.81,0.168,0.01,9284.04,154.734,2.5789000000000004,0.10745416666666667
56CO,3369.86,0.0101,0.0007,6672931.0,111215.51666666666,1853.5919444444444,77.23299768518518
MN-52m,3381.5,0.0025,0.0005,1266.0,21.1,0.3516666666666667,0.014652777777777778
56CO,3451.232,0.949,0.005,6672931.0,111215.51666666666,1853.5919444444444,77.23299768518518
56CO,3548.05,0.1955,0.0015,6672931.0,111215.51666666666,1853.5919444444444,77.23299768518518
56CO,3600.8,0.0167,0.0005,6672931.0,111215.51666666666,1853.5919444444444,77.23299768518518
56CO,3611.53,0.0086,0.0003,6672931.0,111215.51666666666,1853.5919444444444,77.23299768518518
MN-52m,3771.7,0.0018,0.0004,1266.0,21.1,0.3516666666666667,0.014652777777777778
52V,3772.0,0.001,0.0005,224.58,3.7430000000000003,0.06238333333333334,0.0025993055555555557
MN-52m,3951.0,0.0007,0.0003,1266.0,21.1,0.3516666666666667,0.014652777777777778
MN-52m,4815.4,0.0025,0.0004,1266.0,21.1,0.3516666666666667,0.014652777777777778
